City,Population,ASCII Name,Alternate Names,CityLatitude,CityLongitude,variable,Airport_Name,Airport_Code,AirportLatitude,AirportLongitude,AirportCityDistance
varna,332686.0,varna,"vahrn,varna,vuaruna,ヴァルナ",46.73901,11.63749,0,Varna Airport,VAR,43.231944444444444,27.825,1328.6897947741916
varna,332686.0,varna,varna,44.67914,19.6515,0,Varna Airport,VAR,43.231944444444444,27.825,673.4383751679431
frankfurt am main,773068.0,frankfurt am main,"fra,francfort,francfort - frankfurt am main,francfort d'o meno,francfort del meno,francfort sul main,francfort-sur-le-main,francfòrt sul main,franckfurt,francoforte,francoforte sul meno,francofurtum ad moenum,francuforti supro menu,francuforti suprô menu,frankfet,frankford-on-main,frankfort,frankfort an'n main,frankfort an’n main,frankfort on the main,frankfurt,frankfurt am main,frankfurt del main,frankfurt na majn,frankfurt na majni,frankfurt nad menem,frankfurt nad mohanem,frankfurt nad mohanom,frankfurt-na-majne,frankfurt/main,frankfurtas prie maino,frankfurte pie mainas,frankfurto ce majno,frankfurto ĉe majno,fráncfort,fráncfort - frankfurt am main,fráncfort d'o meno,fráncfort del meno,phran'kphourte,fa lan ke fu,frankfwrt,peulangkeupuleuteu,phryankapharta,prnqpwrt,φρανκφούρτη,франкфурт,франкфурт на майн,франкфурт на мајни,франкфурт-на-майне,פרנקפורט,فرانكفورت,فرانکفورت,ফ্র্যাংকফার্ট,แฟรงค์เฟิร์ต,ფრანკფურტ-ამ-მაინი,フランクフルト・アム・マイン,法兰克福,法蘭克福,프랑크푸르트",50.11552,8.68417,1,Frankfurt-Hahn Airport,HHN,49.94972222222222,7.263888888888889,103.10520338157983
stockholm,1613975.0,stockholm,"estocolm,estocolme,estocolmo,estocolmu,estocòlme,estokolma,estokolmo,holmia,sto,stakgol'm,stjokolna,stoccholm,stoccolma,stockholbma,stockholm,stockolm,stocolm,stocolma,stocòlma,stocólma,stokcholme,stokgol'm,stokgol'm osh,stokgolm,stokhol'm,stokholm,stokholma,stokholmas,stokholmi,stokholmo,stokkholm,stokkholmur,stokkhólmur,stokkolma,stokol'ma,stokolm,stuculma,stuokhuolms,stócólm,sztokholm,sztokhòlm,tukholma,astkhlm,satakahoma,seutogholleum,si de ge er mo,stak'hom,stakahoma,stokahoma,stwkhwlm,stwqhwlm,stxkholm,sutokkuhorumu,štokholm,στοκχόλμη,стакгольм,стокhольм,стокгольм,стокгольм ош,стокольма,стокхолм,стокҳолм,стёколна,ստոկհոլմ,סטוקהולם,שטאקהאלם,استکهلم,ستوكهولم,ستۆکھۆڵم,سٹاکہوم,ܣܛܘܩܗܘܠܡ,स्टकहोम,स्टॉकहोम,स्तकहोम,স্টকহোম,ਸਟਾਕਹੋਮ,ஸ்டாக்ஹோம்,స్టాక్‌హోమ్,ಸ್ಟಾಕ್‍ಹೋಮ್,സ്റ്റോക്ക്‌ഹോം,สตอกโฮล์ม,སི་ཏོག་ཧོ་ལིམ།,စတော့ဟုမ်းမြို့,სტოკჰოლმი,ስቶኮልም,ᔅᑑᒃᓱᓪᒻ/stuukhulm,ストックホルム,斯德哥尔摩,斯德哥爾摩,스톡홀름,𐍃𐍄𐌿𐌺𐌺𐌰𐌷𐌿𐌻𐌼𐍃",59.32938,18.06871,2,Stockholm-Skavsta Airport,NYO,58.78861111111111,16.911944444444444,89.38118588609777
stockholm,1613975.0,stockholm,"estocolm,estocolme,estocolmo,estocolmu,estocòlme,estokolma,estokolmo,holmia,sto,stakgol'm,stjokolna,stoccholm,stoccolma,stockholbma,stockholm,stockolm,stocolm,stocolma,stocòlma,stocólma,stokcholme,stokgol'm,stokgol'm osh,stokgolm,stokhol'm,stokholm,stokholma,stokholmas,stokholmi,stokholmo,stokkholm,stokkholmur,stokkhólmur,stokkolma,stokol'ma,stokolm,stuculma,stuokhuolms,stócólm,sztokholm,sztokhòlm,tukholma,astkhlm,satakahoma,seutogholleum,si de ge er mo,stak'hom,stakahoma,stokahoma,stwkhwlm,stwqhwlm,stxkholm,sutokkuhorumu,štokholm,στοκχόλμη,стакгольм,стокhольм,стокгольм,стокгольм ош,стокольма,стокхолм,стокҳолм,стёколна,ստոկհոլմ,סטוקהולם,שטאקהאלם,استکهلم,ستوكهولم,ستۆکھۆڵم,سٹاکہوم,ܣܛܘܩܗܘܠܡ,स्टकहोम,स्टॉकहोम,स्तकहोम,স্টকহোম,ਸਟਾਕਹੋਮ,ஸ்டாக்ஹோம்,స్టాక్‌హోమ్,ಸ್ಟಾಕ್‍ಹೋಮ್,സ്റ്റോക്ക്‌ഹോം,สตอกโฮล์ม,སི་ཏོག་ཧོ་ལིམ།,စတော့ဟုမ်းမြို့,სტოკჰოლმი,ስቶኮልም,ᔅᑑᒃᓱᓪᒻ/stuukhulm,ストックホルム,斯德哥尔摩,斯德哥爾摩,스톡홀름,𐍃𐍄𐌿𐌺𐌺𐌰𐌷𐌿𐌻𐌼𐍃",59.32938,18.06871,3,Stockholm-Västerås Airport,VST,59.589444444444446,16.63361111111111,86.0881571616272
oslo,699827.0,oslo,"asloa,christiania,kristiania,osl,ohoro,osla,oslas,oslo,oslo osh,oslu,osló,ajalo,ao si lu,asalo,aslw,awslw,osalo,oseullo,oslea,oslo,osuro,xxslo,ywslw,òslo,ósló,ōhoro,όσλο,осла,осло,осло ош,օսլո,אוסלו,أوسلو,ئوسلو,ئۆسلۆ,اسلو,اوسلو,ܐܘܣܠܘ,ओस्लो,অজলো,ওসলো,ਓਸਲੋ,ଅସଲୋ,ஒஸ்லோ,ഓസ്ലൊ,ออสโล,ཨོ་སི་ལོ།,အော့စလိုမြို့,ოსლო,ኦስሎ,オスロ,奥斯陆,奧斯陸,오슬로",59.91273,10.74609,2,Sandefjord Airport,TRF,59.18666666666666,10.258611111111112,85.27957828482978
oslo,699827.0,oslo,"asloa,christiania,kristiania,osl,ohoro,osla,oslas,oslo,oslo osh,oslu,osló,ajalo,ao si lu,asalo,aslw,awslw,osalo,oseullo,oslea,oslo,osuro,xxslo,ywslw,òslo,ósló,ōhoro,όσλο,осла,осло,осло ош,օսլո,אוסלו,أوسلو,ئوسلو,ئۆسلۆ,اسلو,اوسلو,ܐܘܣܠܘ,ओस्लो,অজলো,ওসলো,ਓਸਲੋ,ଅସଲୋ,ஒஸ்லோ,ഓസ്ലൊ,ออสโล,ཨོ་སི་ལོ།,အော့စလိုမြို့,ოსლო,ኦስሎ,オスロ,奥斯陆,奧斯陸,오슬로",59.91273,10.74609,1,Moss Airport,RYG,59.3789,10.7856,59.400688609760195
london,8866541.0,london,"ilondon,lon,lakana,landan,landen,ljondan,llundain,lodoni,londain,londan,londar,londe,londen,londin,londinium,londino,londn,london,london osh,londona,londonas,londoni,londono,londons,londonu,londra,londres,londrez,londri,londro,londye,londyn,londýn,lonn,lontoo,loundres,luan gjon,lun-tun,lunden,lundra,lundun,lundunir,lundúnir,lung-dung,lunnainn,lunnin,lunnon,luân đôn,lùn-tûn,lùng-dŭng,lûn-tun,lākana,lůndůn,lọndọnu,ranana,rānana,ilantan,ladana,landan,landana,leondeon,lndn,london,londoni,lun dui,lun dun,lwndwn,lxndxn,rondon,łondra,λονδίνο,лондан,лондон,лондон ош,лондонъ,лёндан,լոնդոն,לאנדאן,לונדון,لأندأن,لندن,لوندون,لەندەن,ܠܘܢܕܘܢ,लंडन,लंदन,लण्डन,लन्डन्,लन्दन,লন্ডন,ਲੰਡਨ,લંડન,ଲଣ୍ଡନ,இலண்டன்,లండన్,ಲಂಡನ್,ലണ്ടൻ,ලන්ඩන්,ลอนดอน,ລອນດອນ,ལོན་ཊོན།,လန်ဒန်မြို့,ლონდონი,ለንደን,ꭻꮄ ꮧꮝꭺꮒꭿᏹ,ロンドン,伦敦,倫敦,런던",51.50853,-0.12574,4,Southend Airport,SEN,51.57138888888889,0.6955555555555556,57.228727963267126
london,8866541.0,london,"ilondon,lon,lakana,landan,landen,ljondan,llundain,lodoni,londain,londan,londar,londe,londen,londin,londinium,londino,londn,london,london osh,londona,londonas,londoni,londono,londons,londonu,londra,londres,londrez,londri,londro,londye,londyn,londýn,lonn,lontoo,loundres,luan gjon,lun-tun,lunden,lundra,lundun,lundunir,lundúnir,lung-dung,lunnainn,lunnin,lunnon,luân đôn,lùn-tûn,lùng-dŭng,lûn-tun,lākana,lůndůn,lọndọnu,ranana,rānana,ilantan,ladana,landan,landana,leondeon,lndn,london,londoni,lun dui,lun dun,lwndwn,lxndxn,rondon,łondra,λονδίνο,лондан,лондон,лондон ош,лондонъ,лёндан,լոնդոն,לאנדאן,לונדון,لأندأن,لندن,لوندون,لەندەن,ܠܘܢܕܘܢ,लंडन,लंदन,लण्डन,लन्डन्,लन्दन,লন্ডন,ਲੰਡਨ,લંડન,ଲଣ୍ଡନ,இலண்டன்,లండన్,ಲಂಡನ್,ലണ്ടൻ,ලන්ඩන්,ลอนดอน,ລອນດອນ,ལོན་ཊོན།,လန်ဒန်မြို့,ლონდონი,ለንደን,ꭻꮄ ꮧꮝꭺꮒꭿᏹ,ロンドン,伦敦,倫敦,런던",51.50853,-0.12574,5,Stansted Airport,STN,51.885,0.23500000000000001,48.68805067761714
glasgow,623715.0,glasgow,"gla,glascho,glaschu,glaschú,glasgovo,glasgow,glasgua,glaskobe,glazga,glazgas,glazgo,glazgos,glazgou,glazgov,glazgova,glazgua,glesga,glázgua,glāzgova,kak-la-su-ko,kak-là-sṳ̂-kô,qlazqo,galasago,ge la si ge,geullaeseugo,ghlaskw,glasago,glasgo,glasgw,glasgwv,glazgo,glyasgo,gurasugo,jlasjw,kilasko,klas kow,γλασκώβη,глазга,глазго,глазгов,глазгоу,գլազգո,גלאזגא,גלאזגו,جلاسجو,غلاسكو,گلاسگو,گلاسگوۋ,گلاسگۆ,ग्लासगो,ग्लास्गो,গ্লাসগো,ਗਲਾਸਗੋ,கிளாஸ்கோ,గ్లాస్గో,ಗ್ಲ್ಯಾಸ್ಗೋ,กลาสโกว์,ဂလပ်စဂိုးမြို့,გლაზგო,ግላዝጎ,グラスゴー,格拉斯哥,글래스고",55.86515,-4.25763,1,Glasgow Prestwick Airport,PIK,55.507777777777775,-4.586666666666666,44.7714846268349
brussels,1253178.0,brussels,"an bhruiseil,an bhruiséil,bru,brasels,breissel,brisel,brisele,briuselis,brjuksel,brjusel',brjussel',brueksel,bruessel,bruesszel,bruiseal,bruksel,bruksela,brukseli,brukselo,brusehl',brusel,brusela,bruselas,bruseles,bruselj,bruselo,brusel·les,brussel,brussele,brussels,brussel·les,bruxel,bruxelas,bruxellae,bruxelles,brwsel,bryssel,bryusel,bryxelles,bréissel,brüksel,brüssel,brüsszel,citta di bruxelles,città di bruxelles,city of brussels,kota brusel,beulwisel,bi lu xi,braselasa,braselsa,brassels,briuseli,brwksl,brysl,bu lu sai er,buryusseru,βρυξέλλες,брисел,брусэль,брюксел,брюсель,брюссель,բրյուսել,בריסל,بروكسل,بروکسل,بريۇسسېل,ܒܪܘܟܣܠ,ब्रसेल्स,ব্রাসেলস,บรัสเซลส์,ბრიუსელი,ブリュッセル,布魯塞爾,布鲁塞尔,比律悉,브뤼셀",50.85045,4.34878,1,Brussels South Charleroi Airport,CRL,50.45916666666667,4.453611111111111,44.13188487905352
london,8866541.0,london,"ilondon,lon,lakana,landan,landen,ljondan,llundain,lodoni,londain,londan,londar,londe,londen,londin,londinium,londino,londn,london,london osh,londona,londonas,londoni,londono,londons,londonu,londra,londres,londrez,londri,londro,londye,londyn,londýn,lonn,lontoo,loundres,luan gjon,lun-tun,lunden,lundra,lundun,lundunir,lundúnir,lung-dung,lunnainn,lunnin,lunnon,luân đôn,lùn-tûn,lùng-dŭng,lûn-tun,lākana,lůndůn,lọndọnu,ranana,rānana,ilantan,ladana,landan,landana,leondeon,lndn,london,londoni,lun dui,lun dun,lwndwn,lxndxn,rondon,łondra,λονδίνο,лондан,лондон,лондон ош,лондонъ,лёндан,լոնդոն,לאנדאן,לונדון,لأندأن,لندن,لوندون,لەندەن,ܠܘܢܕܘܢ,लंडन,लंदन,लण्डन,लन्डन्,लन्दन,লন্ডন,ਲੰਡਨ,લંડન,ଲଣ୍ଡନ,இலண்டன்,లండన్,ಲಂಡನ್,ലണ്ടൻ,ලන්ඩන්,ลอนดอน,ລອນດອນ,ལོན་ཊོན།,လန်ဒန်မြို့,ლონდონი,ለንደን,ꭻꮄ ꮧꮝꭺꮒꭿᏹ,ロンドン,伦敦,倫敦,런던",51.50853,-0.12574,3,Luton Airport,LTN,51.87444444444444,-0.3683333333333333,43.989902428703694
bursa,1336111.0,bursa,"boursa,brossa,broussa,brousse,brusa,brussa,burs,bursa,bursae,burso,prousa,yei,bu er sa,buleusa,bur sa,bursa,burusa,bwrsa,bwrsh,bwrst,προύσα,бурсæ,бурса,бурсо,בורסה,برصہ,بورسا,بورصة,بورصه,بورصہ,بۇرسا,बुर्सा,บูร์ซา,ბურსა,ブルサ,布尔萨,부르사",40.19559,29.06013,0,Yenişehir Airport,YEI,40.2552,29.5626,43.170731607705854
milano,3580530.0,milan,"lungsod ng milano,mil,mailand,mediolan,mediolanum,mila,milaan,milan,milana,milanas,milano,milanu,milao,milà,milán,miláno,milánó,milão,milāna,mílanó,mилан,mi lan,milan,milana,milani,millano,mirano,mylan,mylanw,милан,милано,мілан,מילאנו,مىلان,ميلانو,মিলান,மிலன்,มิลาน,მილანი,ミラノ,米蘭,밀라노",45.46427,9.18951,1,Malpensa Airport,MXP,45.63138888888889,8.727777777777778,40.47374846062977
london,8866541.0,london,"ilondon,lon,lakana,landan,landen,ljondan,llundain,lodoni,londain,londan,londar,londe,londen,londin,londinium,londino,londn,london,london osh,londona,londonas,londoni,londono,londons,londonu,londra,londres,londrez,londri,londro,londye,londyn,londýn,lonn,lontoo,loundres,luan gjon,lun-tun,lunden,lundra,lundun,lundunir,lundúnir,lung-dung,lunnainn,lunnin,lunnon,luân đôn,lùn-tûn,lùng-dŭng,lûn-tun,lākana,lůndůn,lọndọnu,ranana,rānana,ilantan,ladana,landan,landana,leondeon,lndn,london,londoni,lun dui,lun dun,lwndwn,lxndxn,rondon,łondra,λονδίνο,лондан,лондон,лондон ош,лондонъ,лёндан,լոնդոն,לאנדאן,לונדון,لأندأن,لندن,لوندون,لەندەن,ܠܘܢܕܘܢ,लंडन,लंदन,लण्डन,लन्डन्,लन्दन,লন্ডন,ਲੰਡਨ,લંડન,ଲଣ୍ଡନ,இலண்டன்,లండన్,ಲಂಡನ್,ലണ്ടൻ,ලන්ඩන්,ลอนดอน,ລອນດອນ,ལོན་ཊོན།,လန်ဒန်မြို့,ლონდონი,ለንደን,ꭻꮄ ꮧꮝꭺꮒꭿᏹ,ロンドン,伦敦,倫敦,런던",51.50853,-0.12574,1,Gatwick Airport,LGW,51.14805555555556,-0.19027777777777777,40.33296937212705
oslo,699827.0,oslo,"asloa,christiania,kristiania,osl,ohoro,osla,oslas,oslo,oslo osh,oslu,osló,ajalo,ao si lu,asalo,aslw,awslw,osalo,oseullo,oslea,oslo,osuro,xxslo,ywslw,òslo,ósló,ōhoro,όσλο,осла,осло,осло ош,օսլո,אוסלו,أوسلو,ئوسلو,ئۆسلۆ,اسلو,اوسلو,ܐܘܣܠܘ,ओस्लो,অজলো,ওসলো,ਓਸਲੋ,ଅସଲୋ,ஒஸ்லோ,ഓസ്ലൊ,ออสโล,ཨོ་སི་ལོ།,အော့စလိုမြို့,ოსლო,ኦስሎ,オスロ,奥斯陆,奧斯陸,오슬로",59.91273,10.74609,0,Oslo Airport-Gardermoen,OSL,60.193888888888885,11.100277777777777,36.9312540118464
stockholm,1613975.0,stockholm,"estocolm,estocolme,estocolmo,estocolmu,estocòlme,estokolma,estokolmo,holmia,sto,stakgol'm,stjokolna,stoccholm,stoccolma,stockholbma,stockholm,stockolm,stocolm,stocolma,stocòlma,stocólma,stokcholme,stokgol'm,stokgol'm osh,stokgolm,stokhol'm,stokholm,stokholma,stokholmas,stokholmi,stokholmo,stokkholm,stokkholmur,stokkhólmur,stokkolma,stokol'ma,stokolm,stuculma,stuokhuolms,stócólm,sztokholm,sztokhòlm,tukholma,astkhlm,satakahoma,seutogholleum,si de ge er mo,stak'hom,stakahoma,stokahoma,stwkhwlm,stwqhwlm,stxkholm,sutokkuhorumu,štokholm,στοκχόλμη,стакгольм,стокhольм,стокгольм,стокгольм ош,стокольма,стокхолм,стокҳолм,стёколна,ստոկհոլմ,סטוקהולם,שטאקהאלם,استکهلم,ستوكهولم,ستۆکھۆڵم,سٹاکہوم,ܣܛܘܩܗܘܠܡ,स्टकहोम,स्टॉकहोम,स्तकहोम,স্টকহোম,ਸਟਾਕਹੋਮ,ஸ்டாக்ஹோம்,స్టాక్‌హోమ్,ಸ್ಟಾಕ್‍ಹೋಮ್,സ്റ്റോക്ക്‌ഹോം,สตอกโฮล์ม,སི་ཏོག་ཧོ་ལིམ།,စတော့ဟုမ်းမြို့,სტოკჰოლმი,ስቶኮልም,ᔅᑑᒃᓱᓪᒻ/stuukhulm,ストックホルム,斯德哥尔摩,斯德哥爾摩,스톡홀름,𐍃𐍄𐌿𐌺𐌺𐌰𐌷𐌿𐌻𐌼𐍃",59.32938,18.06871,0,Stockholm-Arlanda Airport,ARN,59.651944444444446,17.91861111111111,36.85477273110298
murcia,467501.0,murcia,"ciutat de murcia,ciutat de múrcia,mjv,murcia,murcie,murcio,murcja,mursia,mursija,múrcia,mrsyt,mu er xi ya,murushia,mwrsya,mwrsyh,мурсия,מורסיה,مرسية,مورسیا,ムルシア,穆尔西亚",37.98704,-1.13004,0,Murcia-San Javier Airport,MJV,37.77472222222222,-0.8122222222222223,36.543115824126204
grenoble,367326.0,grenoble,"gno,gratianopolis,grehnobl',grelibre,grenobel,grenobl,grenobl',grenoble,grenoblis,grenoblo,grenobul,grenòble,nkrenompl,qroenobl,qrönobl,ge lei nuo bu er,geuleunobeul,ghrwnwbl,granobala,grenobala,grenobla,grenobli,grnwbl,grwnwbl,grynwbl,gurunoburu,kiranopil,γκρενόμπλ,грeнобль,гренобл,гренобль,гренобъл,грэнобль,գրենոբլ,גרנובל,גרענאבלע,غرونوبل,گرونوبل,گرینوبل,ग्रेनोबल,ग्रेनोब्ल,গ্রনোবল,கிரனோபிள்,გრენობლი,グルノーブル,格勒诺布尔,그르노블",45.17869,5.71479,0,Grenoble-Isère Airport,GNB,45.36277777777778,5.329166666666667,36.464127457188894
warszawa,1863056.0,warsaw,"barsobia,varsa,varsava,varsavia,varsavja,varshava,varshavae,varsja,varsjá,varso,varsova,varsovia,varsovia - warszawa,varsovie,varsovio,varssavi,varsuva,varsòvia,varsó,varsóvia,varşova,varšava,varšuva,varșovia,vársá,waw,warsaw,warsawa,warschau,warskou,warszaw,warszawa,waršawa,baleusyaba,hua sha,varshava,vorso,warsw,warushawa,wrsh,wrshw,wrsw,wxrsx,βαρσοβία,варшавæ,варшава,վարշավա,ווארשע,ורשה,װאַרשע,وارسو,ورشو,ۋارشاۋا,ܘܪܣܘ,वॉर्सो,วอร์ซอ,ვარშავა,ዋርሶው,ワルシャワ,华沙,華沙,바르샤바",52.22977,21.01178,1,Modlin Airport,WMI,52.4511,20.6518,34.69540878136537
istanbul,9897599.0,istanbul,"bizanc,bizánc,byzance,byzantion,byzantium,byzanz,carigrad,constantinoble,constantinopla,constantinople,constantinopolen,constantinopoli,constantinopolis,costantinopoli,estambul,ist,istamboul,istambul,istambuł,istampoul,istanbul,istanbúl,isztambul,konstantinapoly,konstantinopel,konstantinopol,konstantinopolo,konstantinoupoli,konstantinoupolis,konstantinápoly,kustantiniyah,micklagard,micklagård,mikligardur,mikligarður,stamboul,stambul,stambula,stambuł,tsarigrad,vizantija (vizantija),vyzantio,astnbwl,bijantium,byuzantion,byzntywn,iseutanbul,istambula,isutanburu,stin poli [stimˈboli],yi si tan bao,yi si tan bu er,i̇stanbul,βυζάντιο,βυζαντιο,ισταμπουλ,ισταμπούλ,κωνσταντινουπολη,κωνσταντινούπολη,κωνσταντινούπολις,στην πόλι [stimˈboli],византија (vizantija),истанбул,стамбул,ביזנטיון,اسطنبول,इस्तांबुल,ইস্তাম্বুল,イスタンブール,ビュザンティオン,伊斯坦堡,伊斯坦布尔,비잔티움,이스탄불",41.01384,28.94966,1,Sabiha Gökçen International Airport,SAW,40.8986,29.3092,32.79925523845608
sheffield,580148.0,sheffield,"dsa,seffild,sefild,sefilda,sefildas,sefildo,sefilnt,sheffield,sheffild,shefild,shehfild,chef fi ld,sefilda,sephild,sephilda,shefirudo,shepildi,shfyld,shyfyld,spyld,syepildeu,xie fei er de,ŝefildo,şeffild,šefildas,šefīlda,σέφιλντ,шефилд,шеффилд,шеффілд,шэфілд,շեֆիլդ,שעפילד,שפילד,شفيلد,شفیلد,شيفيلد,شیفیلڈ,شێفیڵد,शेफ़ील्ड,शेफील्ड,షెఫీల్డ్,เชฟฟีลด์,შეფილდი,シェフィールド,谢菲尔德,셰필드",53.38297,-1.4659,0,Doncaster Sheffield Airport,DSA,53.4805,-1.0107,32.04665836910674
århus,319094.0,arhus,"arr,aarhus,aarhusium,archous,arhus,arhuzo,arosar,orhusa,orhūsa,orkhus,ao hu si,ofusu,árósar,århus,άρχους,орхус,אורהוס,オーフス,奥胡斯",56.15674,10.21076,0,Aarhus Airport,AAR,56.30416666666667,10.619444444444445,30.113082129308914
szczecin,394482.0,szczecin,"estetino,estettin,szz,scecin,scecina,scecinas,scetsin,shchechin,shchecin,shchekin,shchetsin,shchétsin,shhechin,shhecin,stetin,stettin,stettin.,stettino,stettinum,stsetsin,szczecin,szczetno,szczëtno,sztetin,shchchyn,shchetsini,shen qie qing,shshychn,shttyn,shuchechin,stecina,syuchechin,sz'z'yn,şçetsin,şçeçin,štetín,štětín,šćećin,ščecin,ščecina,ščecinas,στσέτσιν,шчечин,шчећин,шчеќин,шчэцін,щецин,щечин,שטעטין,שצ'צ'ין,شتتين,ششیچن,شچچین,श्टेचिन,შჩეცინი,シュチェチン,什切青,슈체친",53.42894,14.55302,0,"Szczecin-Goleniów ""Solidarność"" Airport",SZZ,53.584722222222226,14.901944444444444,28.852934841618755
munich,1512491.0,munich,"lungsod ng muenchen,lungsod ng münchen,muc,minca,minche,minga,minhen,minhene,minkhen,miunchenas,mjunkhen,mnichov,mnichow,mníchov,monachium,monacho,monaco de baviera,monaco di baviera,monaco e baviera,monacu,monacu di baviera,monacum,muenchen,muenegh,muenhen,muenih,munchen,munhen,munic,munich,munich ed baviera,munih,munike,munique,munix,munkeno,munkhen,munîh,mynihu,myunxen,myunxén,mònacu,mùnich ëd baviera,múnic,múnich,münchen,münegh,münhen,münih,mi wnik,mi'unikha,miunkheni,miyunik,mu ni hei,mwinhen,mwnykh,mynkn,myunhen,myunik,myunikha,myunsena,mywnkh,mywnykh,μόναχο,минхен,мюнхен,мүнхен,мүнхэн,мӱнхен,մյունխեն,מינכן,مونیخ,ميونخ,ميونيخ,میونخ,म्युन्शेन,म्यूनिख,মিউনিখ,மியூனிக்,ಮ್ಯೂನಿಕ್,มิวนิก,မြူးနစ်ချ်မြို့,მიუნხენი,ミュンヘン,慕尼黑,뮌헨",48.13743,11.57549,0,Munich Airport,MUC,48.353611111111114,11.785833333333333,28.643313658745466
ankara,3401573.0,ankara,"ank,anakara,ancara,ancyra,ang-ka-la,angkara,angora,anguriyah,ankar,ankara,ankara khot,ankaro,ankuara,ankura,ankyra,ankyra (ankyra),anqara,enguri,engüri,enqere,akara,an ka la,angkala,ankara,anqrh,anqrt,xangkara,ăng-kā-lá,άγκυρα (ankyra),анкара,анкара хот,анкъара,әнкара,անկարա,אנקארא,אנקרה,آنکارا,أنقرة,ئەنقەرە,انقره,انقرہ,انکرہ,ܐܢܩܪܐ,अंकारा,আঙ্কারা,ਅੰਕਾਰਾ,ଆଙ୍କାରା,அங்காரா,అంకారా,ಅಂಕಾರಾ,അങ്കാറ,อังการา,ཨན་ཁ་ར།,ანკარა,አንካራ,アンカラ,安卡拉,앙카라",39.91987,32.85427,0,Esenboğa International Airport,ESB,40.128055555555555,32.995,26.0668603914778
essen,584580.0,essen,"asnithi,assindia,ess,ehsehn,ehssen,esen,esenas,esene,eseno,esse,essen,ai sen,aisana,asn,aysn,aysyn,ecan,esen,esena,eseni,essen,xes sein,ésén,έσσεν,есен,ессен,эссен,эсэн,էսսեն,אסן,أسن,إسن,إيسن,اسن,ايسن,ایسن,ایسین,एसेन,এসেন,ਐੱਸਨ,எசன்,เอสเซิน,ესენი,エッセン,埃森,에센",51.45657,7.01228,0,Düsseldorf International Airport,DUS,51.28944444444444,6.766666666666667,25.219183122365546
malmö,362133.0,malmoe,"mma,mal'mjo,malm'o,malme,malmey,malmo,malmoe,malmogia,malmö,malmø,málmey,ma er mo,marume,малме,малмьо,мальмё,מאלמה,マルメ,马尔莫,马尔默",55.60587,13.00073,0,Malmö Airport,MMX,55.53,13.37138888888889,24.784341628987306
palermo,632499.0,palermo,"pmo,palerm,palerma,palermas,palerme,palermo,palermu,panormus,pałermo,ba lei mo shi,balarm,balrmw,balyrmw,blrm,blrmt,palermo,palleleumo,palrmw,palyrmw,parerumo,plrmw,палерма,палермо,פלרמו,بالرمو,باليرمو,بلرم,بلرمة,بَلَرْم,پالرمو,پاليرمو,پالیرمو,پلرمو,पलेर्मो,パレルモ,巴勒莫市,팔레르모",38.1166,13.3636,0,Palermo Airport,PMO,38.17583333333333,13.090833333333334,24.745485492763173
london,8866541.0,london,"ilondon,lon,lakana,landan,landen,ljondan,llundain,lodoni,londain,londan,londar,londe,londen,londin,londinium,londino,londn,london,london osh,londona,londonas,londoni,londono,londons,londonu,londra,londres,londrez,londri,londro,londye,londyn,londýn,lonn,lontoo,loundres,luan gjon,lun-tun,lunden,lundra,lundun,lundunir,lundúnir,lung-dung,lunnainn,lunnin,lunnon,luân đôn,lùn-tûn,lùng-dŭng,lûn-tun,lākana,lůndůn,lọndọnu,ranana,rānana,ilantan,ladana,landan,landana,leondeon,lndn,london,londoni,lun dui,lun dun,lwndwn,lxndxn,rondon,łondra,λονδίνο,лондан,лондон,лондон ош,лондонъ,лёндан,լոնդոն,לאנדאן,לונדון,لأندأن,لندن,لوندون,لەندەن,ܠܘܢܕܘܢ,लंडन,लंदन,लण्डन,लन्डन्,लन्दन,লন্ডন,ਲੰਡਨ,લંડન,ଲଣ୍ଡନ,இலண்டன்,లండన్,ಲಂಡನ್,ലണ്ടൻ,ලන්ඩන්,ลอนดอน,ລອນດອນ,ལོན་ཊོན།,လန်ဒန်မြို့,ლონდონი,ለንደን,ꭻꮄ ꮧꮝꭺꮒꭿᏹ,ロンドン,伦敦,倫敦,런던",51.50853,-0.12574,2,Heathrow Airport,LHR,51.4775,-0.4613888888888889,23.492079480271663
constanta,313021.0,constanta,"cnd,constanca,constancia,constanta,constantia,constantza,constanza,constança,constanţa,constanța,costansa,costanza,kanstanca,kjustendzha,koestence,konstanca,konstancae,konstanco,konstansa,konstantsa,konstantza,konstanza,kuestence,kustenja,kustenje,kustenji,kyustendja,köstence,küstence,küstenja,tomis,kang si tan cha,khxn s tan sa,konseutancha,konstantsa,konsutantsua,kwnstansa,kwnstantsa,qwnstnzh,κωνστάντζα,канстанца,константса,констанцæ,констанца,кюстенджа,կոնստանցա,קונסטנצה,كونستانتسا,کونستانتسا,کونستانسا,कोन्स्तांत्सा,คอนสตันซา,კონსტანცა,コンスタンツァ,康斯坦察,콘스탄차",44.18073,28.63432,0,Mihail Kogălniceanu International Airport,CND,44.36222222222222,28.488333333333333,23.28900673506688
rome,2755309.0,rome,"an roimh,an ròimh,an róimh,erroma,hrom,lungsod ng roma,mji wa roma,rom,ramma,rhufain,rim,rim,roeme,rom,roma,rome,romma,romo,romë,rooma,roum,rym,rzym,råmma,rím,róm,róma,urbs,loma,luo ma,luo ma shi,rm,rom,roma,romi,rwm,rwma,rym,řím,ρώμη,рим,римъ,ром,рым,հռոմ,רומא,رم,روم,روما,رىم,ܪܘܡܐ,रोम,रोमा,রোম,โรม,რომი,ሮማ,ローマ,罗马市,羅馬,로마",41.89193,12.51133,0,Leonardo da Vinci-Fiumicino Airport,FCO,41.812777777777775,12.253055555555555,23.131511027118655
paris,10306512.0,paris,"baariis,bahliz,baris,lungsod ng paris,lutece,lutetia,lutetia parisorum,lutèce,par,pa-ri,paarys,palika,paname,pantruche,paraeis,paras,pari,paries,parigge,pariggi,parighji,parigi,pariis,pariisi,pariizu,pariižu,parij,parijs,paris,parisi,parixe,pariz,parize,parizh,parizh osh,parizh',parizo,parizs,pariž,parys,paryz,paryzh,paryzius,paryż,paryžius,paräis,parís,paríž,parîs,parĩ,parī,parīze,paříž,páras,párizs,ville-lumiere,ville-lumière,ba li,barys,pairisa,pali,pari,paris,parys,paryzh,perisa,pryz,pyaris,pyarisa,pyrs,παρίσι,париж,париж ош,парижь,париз,парис,парыж,паріж,փարիզ,פאריז,פריז,باريس,پارىژ,پاريس,پاریس,پیرس,ܦܐܪܝܣ,पॅरिस,पेरिस,पैरिस,প্যারিস,ਪੈਰਿਸ,પૅરિસ,பாரிஸ்,పారిస్,ಪ್ಯಾರಿಸ್,പാരിസ്,ปารีส,ཕ་རི།,ပါရီမြို့,პარიზი,ፓሪስ,ប៉ារីស,パリ,巴黎,파리",48.85341,2.3488,0,Charles de Gaulle Airport,CDG,49.01277777777778,2.55,23.022612955133535
malatya,420920.0,malatya,"mlx,malat'ja,malateia,malatia,malatija,malatiyah,malatja,malatya,meleti,meletiye,meletî,melitene,ma la di ya,malatia,mallatia,maratiya,mltyh,mltyt,μαλάτεια,малатия,малатија,малатья,малатя,մալաթիա,מלטיה,مالاطیہ,ملطية,ملطیه,مەلەدی,მალათია,マラティヤ,馬拉蒂亞,말라티아",38.35018,38.31667,0,Erhaç Airport,MLX,38.43583333333333,38.09166666666667,21.79988658251883
marseille,971607.0,marseille,"mrs,marseggia,marsegia,marseglia,marseilla,marseille,marseilles,marsej,marseja,marsejlo,marsel,marsel',marsela,marsele,marselha,marselis,marsella,marsella - marseille,marselye,marsey,marseya,marseļa,marsiella,marsigghia,marsiglia,marsiho,marsilha,marsilia,marsilija,marsilya,marsylia,marsylijo,marsèja,marsêle,marsêy,massalia,massilia,ma sai,maleuseyu,mar se,mar sæy,marcey,marsaiya,marsay,marsela,marseli,marsy,marsylya,marsylz,maruseiyu,mrsylya,mrsylyt,mrsyy,μασσαλία,марсель,марсеј,марсељ,марсилия,մարսել,מארסיי,מרסיי,مارساي,مارسيليا,مارسی,مارسیلز,مارسێی,مرسيليا,مرسيلية,मार्सेल,मार्सैय,மர்சேய்,มาร์เซ,มาร์แซย์,မာဆေးမြို့,მარსელი,ማርሴ,マルセイユ,马赛,마르세유",43.29695,5.38107,0,Provence Airport,MRS,43.43555555555555,5.213611111111112,20.512943286008312
belfast,341049.0,belfast,"bfs,beal feirste,beeal feirshtey,belfast,belfast city,belfasta,belfastas,belfasto,belfastum,belffast,belfāsta,belpas,beul-feirste,bèlfast,béal feirste,bélfast,mpelphast,baelpaseuteu,bei er fa si te,belaphasta,belfast,belpaseuteu,berufasuto,blfast,pelpast,μπέλφαστ,белфаст,բելֆաստ,בלפאסט,בעלפאסט,بلفاست,بیلفاسٹ,बेलफास्ट,বেলফাস্ট,பெல்பாஸ்ட்,ಬೆಲ್‌ಫಾಸ್ಟ್‌,เบลฟัสต์,ဗဲလဖတ်မြို့,ბელფასტი,ベルファスト,貝爾法斯特,贝尔法斯特,밸파스트,벨파스트",54.59682,-5.92541,0,Belfast International Airport,BFS,54.6575,-6.215833333333333,19.874942099770326
athina,2622404.0,athens,"ath,afina,afini,afiny,an aithin,ateena,atehny,aten,atena,atenai,atenas,atenas - athena,atenas - αθήνα,atene,atenes,ateni,ateno,atenoj,ateny,athen,athena,athenae,athenai,athene,athenes,athens,atheny,athina,athinai,athinia,athènes,athén,athénes,athény,athína,athínai,atina,atény,atēnas,atėnai,aþena,kota athena,lungsod ng athina,lungsod ng athína,atene,atene si,ateni,athensa,athyna,atn,etens,xethens,ya dian,αθήνα,αθήναι,αθηνα,αθηναι,атина,атэны,афины,афіни,аѳины,աթենք,אתונה,آتن,أثينا,ئافېنا,ܐܬܝܢܐ,अथेन्स,ஏதென்ஸ்,เอเธนส์,ათენი,ἀθῆναι,アテネ,雅典,아테네,아테네 시",37.98376,23.72784,0,Athens International Airport,ATH,37.9364,23.9445,19.71117981287505
göteborg,715881.0,goeteborg,"g'oteborg,got,gautaborg,geteborg,geteborga,geteborgas,geuteborgo,geŭteborgo,gjoteborg,gjotehbarg,goeteborg,goeteborq,goteborg,goteburg,gotemburgo,gotenburg,gothembourg,gothenburg,gothoburgum,gotnburg,gottenborg,göteborg,göteborq,gøteborg,gēteborga,nketempornk,ge de bao,ghwtnbrgh,gtbwrg,jwtnbrj,kx then beirk,yeteboli,yohateborya,yotebori,ywtbry,γκέτεμποργκ,гетеборг,гьотеборг,гётеборг,гётэбарг,גטבורג,געטעבארג,جوتنبرج,غوتنبرغ,گووتھنبرگ,یوتبری,योहतेबोर्य,กอเทนเบิร์ก,გეტებორგი,ዬተቦርይ,ᐃᐅᑕᐳᕆ,ヨーテボリ,哥德堡,예테보리",57.70716,11.96679,1,Göteborg Landvetter Airport,GOT,57.66277777777778,12.279722222222222,19.24480099891584
lyon,1288061.0,lyon,"lys,leon do roine,león do roine,lijon,lio,lion,liona,lionas,lione,lioni,liono,liun,liyon,lió,lión,lugdunum,lyon,lyons,li ang,li yng,li'om,li'ona,lion,liong,lioni,liyon,lyom,lywn,riyon,λυών,лион,ліон,ліён,լիոն,ליאן,ליון,ليون,لیون,لیۆن,ल्यों,ਲਿਓਂ,ଲିଓନ,லியோன்,ลียง,ལི་ཡོང་།,လီယွန်းမြို့,ლიონი,ልዮን,リヨン,里昂,리옹",45.74846,4.84671,0,Saint-Exupéry Airport,LYS,45.726111111111116,5.090833333333333,19.108306022287838
berlin,3755251.0,berlin,"ber,beirlin,beirlín,belin,berleno,berlien,berliin,berliini,berlijn,berlim,berlin,berline,berlini,berlino,berlyn,berlynas,berlëno,berlín,berlîn,berlīne,berolino,berolinum,birlinu,bèrlîn,estat de berlin,estat de berlín,bai lin,barlina,beleullin,berlini,berurin,bexrlin,brlyn,perlin,βερολίνο,берлин,берлін,бэрлін,բերլին,בערלין,ברלין,برلين,برلین,بېرلىن,ܒܪܠܝܢ,बर्लिन,বার্লিন,பெர்லின்,เบอร์ลิน,ბერლინი,ベルリン,柏林,베를린",52.52437,13.41053,2,Berlin Brandenburg Airport,BER,52.3667,13.5033,18.625440080561248
vienna,1766746.0,vienna,"bec,bech,becs,beç,beč,bienne,bécs,dunaj,fiena,vie,vena,viden,viden',vieden,viedeň,viena,vienna,vienne,vieno,viin,vin,vinarborg,vindobona,viyana,vídeň,vín,vínarborg,wenen,wieden,wiedeń,wien,bienna,bin,fyyna,wei ye na,weiynna,βιέννη,беч,вена,виена,відень,فيينا,เวียนนา,ቪየና,維也納,비엔나,빈",48.20849,16.37208,0,Vienna International Airport,VIE,48.11027777777778,16.56972222222222,18.28040216241999
nottingham,330139.0,nottingham,"nqt,notinghamo,nottigham,nottingem,nottingham,nottingamu,nuo ding han,nuo ding xian,nwtnghham,ноттингем,ноттингҳам,נוטינגהאם,نوتنغهام,ノッティンガム,諾定咸,诺丁汉",52.9536,-1.15047,0,East Midlands Airport,EMA,52.83111111111111,-1.3280555555555555,18.095230368639033
berlin,3755251.0,berlin,"ber,beirlin,beirlín,belin,berleno,berlien,berliin,berliini,berlijn,berlim,berlin,berline,berlini,berlino,berlyn,berlynas,berlëno,berlín,berlîn,berlīne,berolino,berolinum,birlinu,bèrlîn,estat de berlin,estat de berlín,bai lin,barlina,beleullin,berlini,berurin,bexrlin,brlyn,perlin,βερολίνο,берлин,берлін,бэрлін,բերլին,בערלין,ברלין,برلين,برلین,بېرلىن,ܒܪܠܝܢ,बर्लिन,বার্লিন,பெர்லின்,เบอร์ลิน,ბერლინი,ベルリン,柏林,베를린",52.52437,13.41053,1,Berlin Schönefeld Airport,SXF,52.38,13.5225,17.75605293900657
budapest,1671004.0,budapest,"bud,boedapes,boedapest,boudapes,boudapeste,boudapès,budaipeist,budapescht,budapeshha,budapesht,budapesht osh,budapest,budapesta,budapestas,budapeste,budapesti,budapestinum,budapesto,budapeszt,budapeŝto,budapeşt,budapeşte,budapešt,budapešta,budapeštas,budapešť,budapèst,budapésht,budimpeshta,budimpesta,budimpešta,bùdapest,bùdapeszt,búdaipeist,búdapest,ofen-pest,bu da pei si,budapaisata,budapeseuteu,budapesrr,budapest,budapesta,budapesuto,bwdabst,bwdabyst,bwdapst,bwdpst,putapest,βουδαπέστη,будапешт,будапешт ош,будапеща,будимпешта,բուդապեշտ,בודאפעשט,בודפשט,بودابست,بودابيست,بوداپست,بوداپێست,بوډاپسټ,बुडापेस्ट,बुदापेस्त,বুদাপেস্ট,ਬੁਦਾਪੈਸਤ,બુડાપેસ્ટ,ବୁଦାପେଷ୍ଟ,புடாபெஸ்ட்,ಬುಡಾಪೆಸ್ಟ್,ബുഡാപെസ്റ്റ്,บูดาเปสต์,བུ་ད་ཕེ་སིད།,ဗူးဒပက်မြို့,ბუდაპეშტი,ቡዳፔስት,ブダペスト,布达佩斯,부다페스트",47.49835,19.04045,0,Budapest Ferenc Liszt International Airport,BUD,47.43666666666666,19.255555555555556,17.563796051911325
helsinki,674500.0,helsinki,"elsin'ki,elsinki,elzinki,gel'sinki,hel,heilsinci,heilsincí,hel'sinki,helsenkis,helsingfors,helsingi,helsingia,helsinki,helsinkis,helsinkium,helsinko,helsinky,helsinqui,helsinquia,helsset,helsínquia,helsînkî,helsėnkis,hèlsinki,khel'sinki,khel'sinki osh,khelsinki,khelzinki,lungsod ng helsinki,stadi,xelsinki,xélsinki,elcinki,hailasiki,he er xin ji,helasinki,helsingki,helsinki,herushinki,hlsnky,hlsnqy,hlsynky,hlsynqy,hylsynky,èlzinki,ħelsinki,ελσίνκι,гельсінкі,хелзинки,хелсинки,хельсинки,хельсинки ош,хельсінкі,ҳелсинкӣ,һel'sinki,һельсинки,հելսինկի,הלסינקי,העלסינקי,هلسنكي,هلسنڪي,هلسینکی,هيلسينكى,هیلسینکی,ھێلسینکی,ہلسنکی,ہیلسنکی,ܗܠܣܢܩܝ,हेलसिंकी,हेल्सिन्की,হেলসিঙ্কি,ਹੈਲਸਿੰਕੀ,எல்சிங்கி,ಹೆಲ್ಸಿಂಕಿ,ഹെൽസിങ്കി,เฮลซิงกิ,ཧེལ་སིན་ཀི།,ဟယ်လ်ဆင်ကီမြို့,ჰელსინკი,ሄልሲንኪ,ḥélsinki,ヘルシンキ,赫尔辛基,赫爾辛基,헬싱키",60.16952,24.93545,0,Helsinki-Vantaa Airport,HEL,60.32,24.95611111111111,16.771415008048436
duisburg,502211.0,duisburg,"dui,disburga,duisboerj,duisborg,duisbourg,duisburch,duisburg,duisburg and hamborn,duisburg-hamborn,duisburgas,duisburgo,duisbörj,duizburg,dujsburg,duusboerg,duusbörg,duysburg,dīsburga,ntouismpournk,thuiscoburgum,deyusuburuku,du sburk,du yi si bao,du'isaburga,duisburgi,dwiseubuleukeu,dwysbwrg,dwysbwrgh,dysbwrg,ντούισμπουργκ,дуизбург,дуйсбург,дујсбург,դույսբուրգ,דיסבורג,دويسبورغ,دویسبورگ,ڈوئسبرگ,ڈیسبورگ,डुइसबुर्ग,ดืสบูร์ก,დუისბურგი,ዱይስቡርግ፣ ጀርመን,デュースブルク,杜伊斯堡,뒤스부르크",51.43247,6.76516,0,Düsseldorf International Airport,DUS,51.28944444444444,6.766666666666667,15.904060200875456
hague,791589.0,urville-nacqueville,"jurvil'-nakevil',urville,urville-hague,urville-nacqueville,yu er wei er na qu ai wei er,юрвиль-накевиль,юрвіль-накевіль,于尔维尔纳屈埃维尔",52.0705,4.3007,0,Rotterdam The Hague Airport,RTM,51.95722222222223,4.441666666666667,15.86595619493339
bucarest,2131034.0,bucharest,"buh,boekarest,boukouresti,bucarest,bucaresta,bucareste,bucarèst,bucharest,bucuresti,bucureşti,bucurești,buekres,bukarest,bukarestas,bukareste,bukaresto,bukareszt,bukareŝto,bukareštas,bukharest,bukureshh,bukuresht,bukureshta,bukureshti,bukurest,bukurešt,bukurešť,buxarest,búkarest,bûkarest,bükreş,bkharst,bu jia lei si te,bukaresuto,bukulesyuti,bwkharst,bwqrst,βουκουρέστι,букурешт,букурещ,бухарест,բուխարեստ,בוקאַרעשט,בוקרשט,بخارست,بوخارست,بۇخارېست,པུ་ཁ་རེ་སིད,ბუქარესტი,ቡካረስት,ブカレスト,布加勒斯特,부쿠레슈티",44.43225,26.10626,0,Henri Coanda International Airport,OTP,44.57361111111111,26.103333333333335,15.720351893644201
köln,1084831.0,koeln,"augusta ubiorum,cgn,cologna,cologne,colonha,colonia,colonia agrippina,colonia agrippinensis,colonia claudia ara agrippinensium,colònia,colônia,cołogna,culonia,cwlen,k'oln,kel'n,keln,kelnas,kelne,kelni,keulen,kiolns,kjol'n,koelle,koeln,kol'n,kolin nad rynem,kolin nad rynom,koloin,kolon,kolonia,kolonjo,kolín nad rýnem,kolín nad rýnom,kyoln,këlni,kölle,köln,lungsod ng cologne,oppidum ubiorum,gu long,kalana,kalon,ke long,kerun,kholoy,kln,klwn,koelleun,koln,kolon,kwln,kwlwn,kwlwnya,kyolna,qln,qlwnyt,quluniat,ķelne,κολωνία,келн,кельн,кьолн,кёльн,кӧльн,көлн,քյոլն,קלן,קעלן,قلونية,قُلُونِيَة,كولن,كولونيا,کلن,کلون,کولون,क्योल्न,ਕਲਨ,கோல்ன்,కొలోన్,ಕಲೋನ್,โคโลญ,კელნი,ኮልን,ケルン,古龍,科隆,쾰른",50.93333,6.95,0,Cologne,CGN,50.865833333333335,7.1425,15.44578929585461
granada,408869.0,granada,"grx,girnata,grana,granada,granada - grenada,granado,granata,graná,grenada,grenade,grenado,grenayd,gırnata,lungsod ng granada,qranada,ge la na da,ge lin na da,geulanada,ghrnatt,granada,grndh,guranada,gurenada,jranada,jrynada,kiranata,kran a da,γρανάδα,гранада,гренада,גרנדה,جرانادا,جرينادا,غرناطة,غرناطہ,ګرېنادا,گرانادا,گرېنادا,ग्रानादा,গ্রানাডা,கிரனாதா,กรานาดา,გრანადა,ግራናዳ,グラナダ,グレナダ,格拉纳达,格林纳达,그라나다",37.18817,-3.60667,0,Granada Airport,GRX,37.18861111111111,-3.777222222222222,15.108225493200566
gaziantep,945804.0,gaziantep,"aintab,antep,ayintap,ayntʻap,ayıntap,dilok,dîlok,gzt,gazi-ayintap,gaziantep,gaziantepa,gaziantepas,gaziantepo,gazijantehp,gazijantep,guaziantep,nkaziantep,qazianteb,qaziantep,gaji'antepa,gajiantepeu,gaziantepi,gazuiantepu,jia ji an tai pu,ka si xan tep,γκαζιαντέπ,газиантеп,газијантеп,газіянтэп,гъазиантеп,ґазіантеп,այնթապ,գազիանթեպ,גזיאנטפ,عنتاب,غازی عینتاب,گازی ئانتەپ,ਗਜਿਆਂਤੇਪ,กาซีอันเตป,გაზიანთეფი,ガズィアンテプ,加濟安泰普,가지안테프",37.05944,37.3825,0,Oğuzeli Airport,GZT,36.948055555555555,37.47916666666667,15.069256299572737
torino,847398.0,turin,"augusta taurinorum,julia augusta taurinorum,lungsod ng turino,trn,tori,torin,torino,torinu,torí,tueri,turen,turijn,turim,turin,turina,turinas,turino,turinu,turyn,turén,turìn,turín,turīna,tórínó,türì,dou ling,tolino,torino,tu rin,tulin,turin,turina,twryn,twrynw,τορίνο,торино,турин,турын,թուրին,טורין,טורינו,تورينو,تورین,टोरीनो,तोरिनो,তুরিন,துரின்,ตูริน,ཊུ་རིན།,ტურინი,トリノ,都灵,토리노,투린",45.07049,7.68682,0,Caselle Airport,TRN,45.20055555555556,7.649444444444444,14.756789870175425
cardiff,363502.0,cardiff,"cwl,caerdydd,cairdiff,cardiff,cardiffa,cayr deeth,kadif,kardif,kardifa,kardifas,kardiff,kardip,kardydh,kardyf,karntif,kerdiz,kārdifa,jia de fu,kadifu,kadipeu,karadifa,kardifa,kardipha,kardyf,kartihp,khardif f,κάρντιφ,кардиф,кардифф,кардыф,кардіфф,քարդիֆ,קארדיף,كارديف,کاردیف,کارڈف,कार्डिफ,कार्डिफ़,কার্ডিফ,ਕਾਰਡਿਫ਼,கார்டிஃப்,കാർഡിഫ്,คาร์ดิฟฟ์,ကားဒစ်မြို့,კარდიფი,カーディフ,加的夫,카디프",51.48,-3.18,0,Cardiff Airport,CWL,51.39666666666667,-3.3433333333333333,14.62993361954576
manchester,546564.0,manchester,"man,mameceaster,manceinion,mancesteris,mancestra,mancestro,manchain,manchehstehr,manchester,manchestur,manchetre,manchuin,manchéstér,manchêtre,mancunium,mantsester,manĉestro,mančesteris,mančestra,mánchester,maencheseuteo,maincestara,mamcestara,man che si te,mancestar,manchesuta,manshstr,mnchstr,mnchystyr,mnz'str,myanacestara,myancestar,μάντσεστερ,манчестер,манчестър,манчэстэр,מאנטשעסטער,מנצ'סטר,مانشستر,مانچسٹر,منچئستئر,منچستر,मँचेस्टर,मैन्चेस्टर,ম্যানচেস্টার,மான்செஸ்டர்,మాంచెస్టర్,ಮ್ಯಾಂಚೆಸ್ಟರ್,മാഞ്ചസ്റ്റർ,แมนเชสเตอร์,მანჩესტერი,ማንችስተር,マンチェスター,曼彻斯特,맨체스터",53.48095,-2.23743,0,Manchester Airport,MAN,53.353611111111114,-2.274722222222222,14.373493832081978
paris,10306512.0,paris,"baariis,bahliz,baris,lungsod ng paris,lutece,lutetia,lutetia parisorum,lutèce,par,pa-ri,paarys,palika,paname,pantruche,paraeis,paras,pari,paries,parigge,pariggi,parighji,parigi,pariis,pariisi,pariizu,pariižu,parij,parijs,paris,parisi,parixe,pariz,parize,parizh,parizh osh,parizh',parizo,parizs,pariž,parys,paryz,paryzh,paryzius,paryż,paryžius,paräis,parís,paríž,parîs,parĩ,parī,parīze,paříž,páras,párizs,ville-lumiere,ville-lumière,ba li,barys,pairisa,pali,pari,paris,parys,paryzh,perisa,pryz,pyaris,pyarisa,pyrs,παρίσι,париж,париж ош,парижь,париз,парис,парыж,паріж,փարիզ,פאריז,פריז,باريس,پارىژ,پاريس,پاریس,پیرس,ܦܐܪܝܣ,पॅरिस,पेरिस,पैरिस,প্যারিস,ਪੈਰਿਸ,પૅરિસ,பாரிஸ்,పారిస్,ಪ್ಯಾರಿಸ್,പാരിസ്,ปารีส,ཕ་རི།,ပါရီမြို့,პარიზი,ፓሪስ,ប៉ារីស,パリ,巴黎,파리",48.85341,2.3488,1,Orly Airport,ORY,48.72527777777778,2.3594444444444447,14.268976761461564
thessaloniki,315196.0,thessaloniki,"ftohomana,ftohomána,i protevoussa ton prosfigon,i protévoussa ton prosfígon,skg,salonic,salonica,salonicco,salonik,salonika,salonikai,salonike,saloniki,salonique,saloníki,saluniccu,salónica,saruna,selanik,selânik,solun,soluň,solún,săruna,thessalonika,tesalonica,tesaloniki,tesalonîkî,tesalónica,tessalonica,tessalònica,thessalonica,thessalonike,thessaloniki,thessalonique,thessaloníki,thessaloníkē,sai sa luo ni ji,salwnyk,slwnyqh,slwnyqy,tessaroniki,þessalóníka,θεσσαλονίκη,σαλονίκη,σαλονικη,салоники,салоніки,солун,ѳessalonika,ѳєссалонїка,סלוניקה,סלוניקי,سالونيك,テッサロニキ,塞萨洛尼基",40.64361,22.93086,0,Thessaloniki International Airport,SKG,40.51972222222222,22.97083333333333,14.1832800357354
frankfurt am main,773068.0,frankfurt am main,"fra,francfort,francfort - frankfurt am main,francfort d'o meno,francfort del meno,francfort sul main,francfort-sur-le-main,francfòrt sul main,franckfurt,francoforte,francoforte sul meno,francofurtum ad moenum,francuforti supro menu,francuforti suprô menu,frankfet,frankford-on-main,frankfort,frankfort an'n main,frankfort an’n main,frankfort on the main,frankfurt,frankfurt am main,frankfurt del main,frankfurt na majn,frankfurt na majni,frankfurt nad menem,frankfurt nad mohanem,frankfurt nad mohanom,frankfurt-na-majne,frankfurt/main,frankfurtas prie maino,frankfurte pie mainas,frankfurto ce majno,frankfurto ĉe majno,fráncfort,fráncfort - frankfurt am main,fráncfort d'o meno,fráncfort del meno,phran'kphourte,fa lan ke fu,frankfwrt,peulangkeupuleuteu,phryankapharta,prnqpwrt,φρανκφούρτη,франкфурт,франкфурт на майн,франкфурт на мајни,франкфурт-на-майне,פרנקפורט,فرانكفورت,فرانکفورت,ফ্র্যাংকফার্ট,แฟรงค์เฟิร์ต,ფრანკფურტ-ამ-მაინი,フランクフルト・アム・マイン,法兰克福,法蘭克福,프랑크푸르트",50.11552,8.68417,0,Frankfurt Airport,FRA,50.02638888888889,8.543055555555556,14.129963180168538
konya,829636.0,konya,"conia,iconio,iconium,ikonio,ikoniow,kya,ko'niya,kon'ja,koni,konia,konieh,konija,konja,konjao,konya,koʻniya,kuniyah,kuon'ja,qonia,qonya,qonye,ke ni ya,kean'ya,kon'ya,konia,qwnyh,qwnyt,ικόνιο,кония,конија,конья,къонья,կոնիա,קוניה,قونية,قونیه,قونیہ,कोन्या,കോന്യ,კონია,コンヤ,科尼亞,코니아",37.87135,32.48464,0,Konya Airport,KYA,37.97888888888889,32.56166666666666,13.73442293266237
zaragoza,683949.0,zaragoza,"caesaraugusta,caesarea augusta,caragoca,salduba,salduie,saragoca,saragosa,saragosae,saragoso,saragossa,saragosse,saragoza,saragozza,saragoça,saragòssa,saraqosa,zaz,zgz,zaragosa,zaragoza,zargoza,sa la ge sa,sa ra ko sa,salagosa,saragosa,saragwsa,sarajwsa,srgwsh,srqstt,sەrەgۆsa,taragota,çaragoça,żaragoża,σαραγόσα,сарагосæ,сарагоса,сарагосо,սարագոսա,סאראגאסא,סרגוסה,ساراجوسا,ساراگوسا,سرقسطة,سەرەگۆسا,सारागोसा,ਤਾਰਾਗੋਤਾ,ซาราโกซา,სარაგოსა,サラゴサ,萨拉戈萨,사라고사",41.65606,-0.87734,0,Zaragoza Airport,ZAZ,41.66611111111111,-1.041388888888889,13.673717176142535
madrid,5115272.0,madrid,"la villa y corte de madrid,los madriles,lungsod ng madrid,mad,ma-daik-li,ma-tet-li,madrid,madrid osh,madridas,madride,madridi,madrido,madrids,madril,madrit,madrite,madryd,madryt,madríd,madrîd,magerit,maidrid,mairil,makelika,matritum,mâ-tet-lî,mā-dáik-lī,ma de li,madarida,madeulideu,madorido,madorido shi,madri,madrid,madrida,madridi,madryd,matrit,mdryd,myadrida,mydrd,μαδρίτη,мaдрид,мадрид,мадрид ош,мадрыд,мадрід,մադրիդ,מאדריד,מדריד,مادرىد,مادرید,مدريد,میدرد,مەدرید,ܡܕܪܝܕ,मद्रिद,मद्रिद्,माद्रिद,माद्री,म्याड्रिड,মাদ্রিদ,ਮਾਦਰੀਦ,ମାଡ୍ରିଦ,மத்ரித்,ಮಡ್ರಿಡ್,മാഡ്രിഡ്,มาดริด,མ་ད་རིད།,မဒရစ်မြို့,მადრიდი,ማድሪድ,マドリード,マドリード市,馬德里,马德里,마드리드",40.4165,-3.70256,0,Madrid-Barajas Airport,MAD,40.47222222222222,-3.560833333333333,13.499335896514868
izmir,2386759.0,izmir,"azmir,esmirna,izm,ismir,izmir,izmira,izmiras,izmiro,smirne,smyrna,smyrne,yazmir,azmyr,izmiri,izumiru,yi zi mi er,i̇zmir,σμύρνη,измир,איזמיר,إزمير,იზმირი,イズミル,伊兹密尔",38.41273,27.13838,0,Adnan Menderes Airport,ADB,38.29222222222222,27.15694444444444,13.49728297736136
leipzig,616093.0,leipzig,"lej,laeipcig,lajpcig,lajpcigu,lajpcik,leipciga,leipcigas,leipsia,leipzig,lejpcig,lejpcyg,leypsiq,leypzig,lipcse,lipekika,lipsca,lipsia,lipsk,lipsko,läipcig,léypzig,lípsia,la'ipajhisa,la'ipasisa,lai bi xi,laipcik,laipeuchihi,laiptsigi,laybzygh,laypzsh,laypzyg,lip sik,lipajiga,liph sik,lypzsh,lyypzyg,raiputsuihi,λειψία,лайпциг,лајпциг,лейпциг,лейпцыг,լայպցիգ,לייפציג,لائپزش,لايبزيغ,لایپزیگ,لیپزش,लाइपझिश,लिपजिग,লাইপ্‌ৎসিশ,ਲਾਈਪਸਿਸ਼,லைப்சிக்,ไลป์ซิก,ไลพ์ซิก,လိုက်ပဆစ်မြို့,ლაიფციგი,ላይፕጽግ,ライプツィヒ,莱比锡,萊比錫,라이프치히",51.33962,12.37129,0,Leipzig,LEJ,51.42388888888889,12.23611111111111,13.259435534421918
london,8866541.0,london,"ilondon,lon,lakana,landan,landen,ljondan,llundain,lodoni,londain,londan,londar,londe,londen,londin,londinium,londino,londn,london,london osh,londona,londonas,londoni,londono,londons,londonu,londra,londres,londrez,londri,londro,londye,londyn,londýn,lonn,lontoo,loundres,luan gjon,lun-tun,lunden,lundra,lundun,lundunir,lundúnir,lung-dung,lunnainn,lunnin,lunnon,luân đôn,lùn-tûn,lùng-dŭng,lûn-tun,lākana,lůndůn,lọndọnu,ranana,rānana,ilantan,ladana,landan,landana,leondeon,lndn,london,londoni,lun dui,lun dun,lwndwn,lxndxn,rondon,łondra,λονδίνο,лондан,лондон,лондон ош,лондонъ,лёндан,լոնդոն,לאנדאן,לונדון,لأندأن,لندن,لوندون,لەندەن,ܠܘܢܕܘܢ,लंडन,लंदन,लण्डन,लन्डन्,लन्दन,লন্ডন,ਲੰਡਨ,લંડન,ଲଣ୍ଡନ,இலண்டன்,లండన్,ಲಂಡನ್,ലണ്ടൻ,ලන්ඩන්,ลอนดอน,ລອນດອນ,ལོན་ཊོན།,လန်ဒန်မြို့,ლონდონი,ለንደን,ꭻꮄ ꮧꮝꭺꮒꭿᏹ,ロンドン,伦敦,倫敦,런던",51.50853,-0.12574,0,London City Airport,LCY,51.505,0.05416666666666667,12.45755751567052
porto,1008298.0,porto,"opo,oporto,porto,portu,portus cale,bo tu,bwrtw,poruto,pwrtw,πορτο,πόρτο,порто,порту,פורטו,بورتو,پورتو,პორტუ,ポルト,波圖",41.14961,-8.61099,0,Francisco Sá Carneiro Airport,OPO,41.24805555555556,-8.681388888888888,12.430657056753642
rome,2755309.0,rome,"an roimh,an ròimh,an róimh,erroma,hrom,lungsod ng roma,mji wa roma,rom,ramma,rhufain,rim,rim,roeme,rom,roma,rome,romma,romo,romë,rooma,roum,rym,rzym,råmma,rím,róm,róma,urbs,loma,luo ma,luo ma shi,rm,rom,roma,romi,rwm,rwma,rym,řím,ρώμη,рим,римъ,ром,рым,հռոմ,רומא,رم,روم,روما,رىم,ܪܘܡܐ,रोम,रोमा,রোম,โรม,რომი,ሮማ,ローマ,罗马市,羅馬,로마",41.89193,12.51133,1,Rome Ciampino Airport,CIA,41.799166666666665,12.594722222222222,12.414186198986055
plovdiv,343070.0,plovdiv,"eumolpias,filiba,filibe,filipopol,filipopul,filippopol,filippopol',filippopoli,flavia,julia,pdv,philippopel,philippopoli,philippopolis,philippoupole,pinople,plodin,ploudin,plovdin,plovdiv,plovdiva,plovdivas,plowdiw,plóvdiv,poulpoudeva,płowdiw,sinople,trimontium,ulpia,vinipoppolis,blwfdyf,peullobeudipeu,phlx fdif,plovhadivha,plwbdyb,plwwdyf,plwwdyw,pu luo fu di fu,purovudifu,φιλιππούπολη,пловдив,фїлїппополь,պլովդիվ,פלאוודיוו,פלובדיב,بلوفديف,پلوودیف,پلوودیو,प्लॉव्हडिव्ह,พลอฟดิฟ,პლოვდივი,プロヴディフ,普罗夫迪夫,플로브디프",42.15,24.75,0,Plovdiv Airport,PDV,42.06777777777778,24.850833333333334,12.360324730161235
barcelona,3767382.0,barcelona,"bcn,barcellona,barcellonn-a,barcelona,barcelone,barcelono,barceluna,barcelůna,barcełona,barcillona,barcino,barkelone,barseloana,barselon,barselona,barselonae,barselono,barseluna,barseluona,barselóna,barslon-a,barsélona,bartzellona,bartzelona,barzelona,barçellonn-a,barċellona,baselona,lungsod ng barcelona,ba sa long na,ba sai long na,ba sai luo na,baleusellona,balsaleana,bar se lon a,barasilona,barselona,barsilona,barslwn,barslwna,barsylwna,barsێlۆna,baruserona,brshlwnt,brshlwnہ,brzlwnh,la ciudad condal,parcelona,βαρκελώνη,барселон,барселонæ,барселона,барселоно,բարսելոնա,בארצעלאנע,ברצלונה,بارسلون,بارسلونا,بارسیلونا,بارسێلۆنا,برشلونة,برشلونہ,बार्सिलोना,बार्सेलोना,বার্সেলোনা,ਬਾਰਸੀਲੋਨਾ,பார்செலோனா,ബാഴ്സലോണ,บาร์เซโลนา,ບາກເຊໂລນ,བྷར་སེ་ལོ་ནཱ།,ဘာစီလိုနာမြို့,ბარსელონა,ባርሴሎና,バルセロナ,巴塞罗那,巴塞隆納,巴薩隆拿,바르셀로나",41.38879,2.15899,0,Barcelona Airport,BCN,41.29694444444444,2.0783333333333336,12.232687608047266
gdansk,486271.0,gdansk,"danceke,dancigo,dantsic,danzica,danzig,dànzica,gdn,gdan'sk,gdanjsk,gdans'k,gdansk,gdanska,gdanskas,gdańsk,gdaņska,gdaňsk,gdunsk,gduńsk,gedanum,gothiscandza,gudan'sku,gydanysg,nkntansk,qdansk,gadanska,gdansk,gdnsq,ge dan si ke,geudanseukeu,ghdansk,gudanisuku,katansk,kday sk,γκντανσκ,гданск,гданськ,гданьск,гдањск,гъданьскъ,գդանսկ,גדנסק,דאנציג,غدانسك,گدانسک,गदान्स्क,கதான்ஸ்க்,กดัญสก์,გდანსკი,グダニスク,格但斯克,그단스크",54.35227,18.64912,0,Gdańsk Lech Wałęsa Airport,GDN,54.3775,18.46611111111111,12.183536941333443
liverpool,493182.0,liverpool,"lpl,learpholl,lerphoyll,lerpwl,liberpoul,liverpolium,liverpool,liverpuil,liverpul,liverpul',liverpule,liverpulis,liverpulo,liverpūle,livurpul,liwerpol,liwérpol,poll a' ghruthain,poll a' ghrùthain,li wu pu,libeopul,livarapula,livarpul,livharapula,liwexrphul,lybrpwl,lyfrbwl,lywr pwl,lywrpwl,rivuapuru,λίβερπουλ,ливерпул,ливерпуль,ливерпүүл,ливърпул,ліверпул,ліверпуль,լիվերպուլ,ליברפול,ליווערפול,ليفربول,لیور پول,لیورپول,لیڤەرپوول,ܠܝܒܪܦܘܠ,लिवरपूल,लिव्हरपूल,லிவர்பூல்,ಲಿವರ್‌ಪೂಲ್,ലിവർപൂൾ,ลิเวอร์พูล,ლივერპული,ሊቨርፑል፣ እንግሊዝ,リヴァプール,利物浦,리버풀",53.41058,-2.97794,0,Liverpool John Lennon Airport,LPL,53.33361111111111,-2.8497222222222223,12.066548223824535
brussels,1253178.0,brussels,"an bhruiseil,an bhruiséil,bru,brasels,breissel,brisel,brisele,briuselis,brjuksel,brjusel',brjussel',brueksel,bruessel,bruesszel,bruiseal,bruksel,bruksela,brukseli,brukselo,brusehl',brusel,brusela,bruselas,bruseles,bruselj,bruselo,brusel·les,brussel,brussele,brussels,brussel·les,bruxel,bruxelas,bruxellae,bruxelles,brwsel,bryssel,bryusel,bryxelles,bréissel,brüksel,brüssel,brüsszel,citta di bruxelles,città di bruxelles,city of brussels,kota brusel,beulwisel,bi lu xi,braselasa,braselsa,brassels,briuseli,brwksl,brysl,bu lu sai er,buryusseru,βρυξέλλες,брисел,брусэль,брюксел,брюсель,брюссель,բրյուսել,בריסל,بروكسل,بروکسل,بريۇسسېل,ܒܪܘܟܣܠ,ब्रसेल्स,ব্রাসেলস,บรัสเซลส์,ბრიუსელი,ブリュッセル,布魯塞爾,布鲁塞尔,比律悉,브뤼셀",50.85045,4.34878,0,Brussels Airport,BRU,50.90222222222222,4.498611111111111,11.985715159156955
bristol,461329.0,bristol,"brs,bricgstōƿ,briosto,briostó,bristo,bristol,bristol',bristole,bristolis,bristolium,bristolo,briston,bristul,bristullu,bristón,brystal',bryste,brístol,beuliseuteul,bris txl,bristala,brystwl,bu li si tuo er,burisutoru,μπρίστολ,бристол,бристоль,бристъл,брысталь,բրիստոլ,בריסטאל,בריסטול,برسٹل نگر,بريستول,بریستول,ब्रिस्टल,ಬ್ರಿಸ್ಟಲ್‌,บริสตอล,ბრისტოლი,ブリストル,布里斯托尔,브리스틀",51.45523,-2.59665,0,Bristol Airport,BRS,51.3825,-2.718888888888889,11.715532342304812
prague,1275406.0,prague,"prg,praag,prag,praga,pragae,prago,prague,praha,pràg,prág,prága,prâg,prāga,bragh,bu la ge,peulaha,prag,praga,prak,prg,puraha,πράγα,праг,прагæ,прага,פראג,براغ,پراگ,پراگا,ܦܪܓ,প্রাগ,ปราก,པུ་ལ་ཁེ,პრაღა,ፕራግ,プラハ,布拉格,프라하",50.08804,14.42076,0,Prague Václav Havel Airport,PRG,50.100833333333334,14.26,11.555584297601815
istanbul,9897599.0,istanbul,"bizanc,bizánc,byzance,byzantion,byzantium,byzanz,carigrad,constantinoble,constantinopla,constantinople,constantinopolen,constantinopoli,constantinopolis,costantinopoli,estambul,ist,istamboul,istambul,istambuł,istampoul,istanbul,istanbúl,isztambul,konstantinapoly,konstantinopel,konstantinopol,konstantinopolo,konstantinoupoli,konstantinoupolis,konstantinápoly,kustantiniyah,micklagard,micklagård,mikligardur,mikligarður,stamboul,stambul,stambula,stambuł,tsarigrad,vizantija (vizantija),vyzantio,astnbwl,bijantium,byuzantion,byzntywn,iseutanbul,istambula,isutanburu,stin poli [stimˈboli],yi si tan bao,yi si tan bu er,i̇stanbul,βυζάντιο,βυζαντιο,ισταμπουλ,ισταμπούλ,κωνσταντινουπολη,κωνσταντινούπολη,κωνσταντινούπολις,στην πόλι [stimˈboli],византија (vizantija),истанбул,стамбул,ביזנטיון,اسطنبول,इस्तांबुल,ইস্তাম্বুল,イスタンブール,ビュザンティオン,伊斯坦堡,伊斯坦布尔,비잔티움,이스탄불",41.01384,28.94966,0,Atatürk International Airport,IST,40.97666666666667,28.82111111111111,11.553320370750033
amsterdam,1020998.0,amsterdam,"ams,aemstelredamme,aemsterdam,amestelledamme,amesterda,amesterdam,amesterdao,amesterdã,amesterdão,amistardam,amseutereudam,amstadem,amstardam,amstardām,amstedam,amstehrdam,amsteladamum,amstelodamum,amstelodhamon,amstelodhámon,amsterda,amsterdam,amsterdama,amsterdamas,amsterdame,amsterdami,amsterdamo,amsterdams,amsterdamu,amsterdan,amsterdã,amsterntam,amsterodam,amstyerdam,amstèdam,amstèrdame,amstérdam,amstɛrɩdam,amsut'erudam,amszterdam,amsŭt'erŭdam,amusitedan,amusuterudamu,damsko,i-amsterdami,mokum,mokum aleph,a mu si te dan,aimstardaima,amasataradama,amastaradama,amastararyama,amseuteleudam,amstardama,amstartam,amstrdam,amusuterudamu,anstardyam,emstaradyama,xamstexrdam,yەmstەrdam,àmsterdam,ámsterdam,ámsterdan,âmesterdâm,āmǔsītèdān,άμστερνταμ,амстердам,амстэрдам,ամստերդամ,אמסטערדאם,אמסטרדם,آمستردام,أمستردام,ئامستېردام,ئەمستەردام,امستردام,امسټرډام,ایمسٹرڈیم,ܐܡܣܛܪܕܐܡ,अ‍ॅम्स्टरडॅम,आम्स्टर्डम,एम्स्तरद्याम,ऐम्स्टर्डैम,আমস্টারডাম,ਅਮਸਤਰਦਮ,ଆମଷ୍ଟରଡ଼୍ୟାମ,ஆம்ஸ்டர்டம்,ಆಂಸ್ಟರ್ಡ್ಯಾಮ್,ആംസ്റ്റർഡാം,ඈම්ස්ටර්ඩෑම්,อัมสเตอร์ดัม,ཨེམ་སི་ཊར་ཌམ།,အမ်စတာဒမ်မြို့,ამსტერდამი,አምስተርዳም,アムステルダム,阿姆斯特丹,암스테르담",52.37403,4.88969,0,Amsterdam Airport Schiphol,AMS,52.308611111111105,4.763888888888889,11.222938726409813
kraków,802583.0,krakow,"carcovia,cracau,cracaû,cracovia,cracovie,cracow,cracòvia,cracóvia,krk,kraka,krakau,krakiv,krakko,krakkó,krakobia,krakov,krakova,krakovi,krakovia,krakovija,krakovja,krakovo,krakow,krakowo,krakuw,kraká,krakòwò,krakóvia,kraków,krakůw,krakоv,krokuva,ke la ke fu,keulakupeu,kraku f,krakupha,krakwf,kurakufu,qrqwb,κρακοβία,кракаў,краков,краковия,краків,կրակով,קראקע,קרקוב,كراكوف,کراکوف,क्राकूफ,กรากุฟ,ကရားကော့မြို့,კრაკოვი,クラクフ,克拉科夫,크라쿠프",50.06143,19.93658,0,John Paul II International Airport Kraków-Balice,KRK,50.0775,19.784722222222225,10.984614674191716
glasgow,623715.0,glasgow,"gla,glascho,glaschu,glaschú,glasgovo,glasgow,glasgua,glaskobe,glazga,glazgas,glazgo,glazgos,glazgou,glazgov,glazgova,glazgua,glesga,glázgua,glāzgova,kak-la-su-ko,kak-là-sṳ̂-kô,qlazqo,galasago,ge la si ge,geullaeseugo,ghlaskw,glasago,glasgo,glasgw,glasgwv,glazgo,glyasgo,gurasugo,jlasjw,kilasko,klas kow,γλασκώβη,глазга,глазго,глазгов,глазгоу,գլազգո,גלאזגא,גלאזגו,جلاسجو,غلاسكو,گلاسگو,گلاسگوۋ,گلاسگۆ,ग्लासगो,ग्लास्गो,গ্লাসগো,ਗਲਾਸਗੋ,கிளாஸ்கோ,గ్లాస్గో,ಗ್ಲ್ಯಾಸ್ಗೋ,กลาสโกว์,ဂလပ်စဂိုးမြို့,გლაზგო,ግላዝጎ,グラスゴー,格拉斯哥,글래스고",55.86515,-4.25763,0,Glasgow International Airport,GLA,55.871944444444445,-4.433055555555556,10.970973313709722
edinburgh,515855.0,edinburgh,"aebura,caeredin,dinedin,doon edin,dun eideann,dùn èideann,dún éideann,edi,ebora,edimborg,edimborgh,edimbourg,edimbourgo,edimburg,edimburgh,edimburgo,edimburgo - dun eideann,edimburgo - dùn èideann,edimburgu,edimburgum,edimbùrgh,edinbo,edinboarch,edinborg,edinburc,edinburg,edinburga,edinburgas,edinburgh,edinburgo,edinburq,edinburrie,edynburg,ehdinburg,ehdynburg,embra,idinburg,adnbrt,adynbrw,ai ding bao,edeunbeoleo,edinabara,edinbara,edinburgi,etinparo,xedinbara,édimbourg,εδιμβούργο,единбург,эдинбург,эдынбург,էդինբուրգ,אדינבורו,עדינבורג,إدنبرة,ئێدینبەرە,ادینبرو,ایڈنبرا,एडिनबरा,एदिनबरा,এডিনবরা,எடின்பரோ,ಎಡಿನ್‌ಬರ್ಗ್‌‌,എഡിൻബറോ,เอดินบะระ,အက်ဒင်ဗာရာမြို့,ედინბურგი,エディンバラ,爱丁堡,에든버러",55.95206,-3.19648,0,Edinburgh Airport,EDI,55.95,-3.3725,10.961075637196403
zürich,704537.0,zurich,"cirihe,cirikh,ciurichas,cjurikh,cjurikh khot,cjurykh,cuerih,curych,cürih,cīrihe,lungsod ng zuerich,lungsod ng zürich,su-la-sie,suerix,syurix,sürix,sŭ-là̤-sié,tsuerix,tsurique,tsürix,turicum,turitg,zrh,zeurich,zirich,zirik,zuerich,zuerigh,zuerih,zuric,zurich,zuricu,zurigh,zurigo,zuriko,zurique,zurych,zurìcu,zyriche,zyrihu,zúric,zúrich,zürich,zürigh,zürih,churihhi,chwilihi,curikku,jhyurika,jurikha,su li shi,su rik,suricc,tsiurikhi,tsyryk,zi'urikha,zwrykh,zyryk,zyurikha,zywrch,zywrh,zywrkh,ζυρίχη,цирих,цюрих,цюрих хот,цюрых,ցյուրիխ,ציריך,زوريخ,زوریخ,زيورخ,زیورخ,زیورچ,سيۇرىخ,څوریخ,ܙܝܘܪܚ,ܬܣܝܪܝܟ,ज़्यूरिख़,झ्युरिक,জুরিখ,ਜ਼ਿਊਰਿਖ,சூரிக்கு,സൂറിച്ച്,ซูริก,ဇူးရစ်ချ်မြို့,ციურიხი,ዙሪክ,チューリッヒ,苏黎世,蘇黎世,취리히",47.36667,8.55,0,Zurich Airport,ZRH,47.46472222222223,8.549166666666666,10.90308995509393
stuttgart,632865.0,stuttgart,"estugarda,str,shhutgart,shtutgart,shtutgarti,shtuttgart,stocarda,stoccarda,stoutnkarde,stucarda,stuggart,stutgardia,stutgartas,stutgarte,stutgarto,stutqart,stuttgart,ashtwtgart,ch tuthth kar th,icututkart,shtwtgart,shtwtghart,shutouttogaruto,si tu jia te,stutagarta,stwtgrt,syututeugaleuteu,ştutqart,štutgartas,štutgarte,στουτγκάρδη,штутгарт,штуттгарт,щутгарт,שטוטגארט,שטוטגרט,اشتوتگارت,سٹٹگارٹ,شتوتغارت,شتوتگارت,شٹوٹگارٹ,श्टुटगार्ट,স্টুটগার্ট,સ્ટુટગાર્ટ,இசுடுட்கார்ட்,സ്റ്റുട്ട്ഗാർട്ട്,ชตุทท์การ์ท,შტუტგარტი,シュトゥットガルト,斯图加特,슈투트가르트",48.78232,9.17702,0,Stuttgart Airport,STR,48.689722222222215,9.221944444444444,10.810654293242186
birmingham,1139249.0,birmingham,"bhx,birmin'gxam,birmingam,birmingamas,birmingem,birmingema,birmingham,birminghamia,birminghamo,birminghem,brum,mpermincham,bamingamu,barming'hyam,barmingahama,barmingahema,barmingham,barminghama,beoming-eom,birmingemi,bo ming han,bo ming han shi,brmngm,brmynghham,byrmngam,parminkam,μπέρμιγχαμ,бирмингам,бирмингем,бірмінгем,բիրմինգհեմ,בירמינגהאם,ברמינגהאם,برمنگم,برمينغهام,بیرمنگام,बर्मिंगहॅम,बर्मिंघम,बर्मिङ्घम्,બર્મિંગહામ,பர்மிங்காம்,బర్మింగ్‌హామ్,ಬರ್ಮಿಂಗ್ಹ್ಯಾಮ್,เบอร์มิงแฮม,ბირმინგემი,በርሚንግሃም,バーミンガム,伯明翰,伯明翰市,버밍엄",52.48142,-1.89983,0,Birmingham International Airport,BHX,52.453611111111115,-1.7477777777777779,10.754337445632212
bordeaux,762898.0,bordeaux,"bod,bardo,bordeaux,bordele,bordeos,bordeu,bordeus,bordo,bordox,bordozo,bordèu,bordéus,bordò,bordôx,bornto,bourdel,burdeos,burdeus,burdigala,bo er duo,boleudo,borado,bordo,bordu,borudo,bwrdw,bwrڈw,bxr do,porto,μπορντό,бардо,бордо,բորդո,בארדא,בורדו,بوردو,بورڈو,बोर्दू,बोर्दो,ਬੋਰਦੋ,பொர்தோ,บอร์โด,ບອກໂດ,ბორდო,ቦርዶ,ボルドー,波尔多,波爾多,보르도",44.84044,-0.5805,0,Mérignac Airport,BOD,44.82833333333333,-0.7155555555555555,10.734367446480737
timisoara,328186.0,timisoara,"freidorf,josefvarosa,josephs-stadt,jozsefvaros,jósefvárosa,józsefváros,kendetelep,szabadfalu,tsr,temeschburg,temeschwar,temesvar,temesvarinum,temesvár,temeswar,temeşvar,temešvár,temishvar,temisoara,temisvar,temişoara,temišvar,timishoara,timisoara,timisvar,timişoara,timišoara,timišvár,timișoara,timishoara,timisyoala,tmshwar,tymyshwara,темишвар,тимишоара,טימישוארה,تيميشوارا,طمشوار,ティミショアラ,티미쇼아라",45.75372,21.22571,0,Traian Vuia International Airport,TSR,45.809999999999995,21.337777777777777,10.709212756607828
leeds,787020.0,leeds,"lba,ledesia,leeds,lids,lidsa,lidsas,lidso,lijds,lints,loidis,līdsa,ritis,li ci,lidjha,lids,lidsa,lidzi,lie si,lijeu,lyds,lydz,rizu,ληντς,лидс,лийдс,лідс,լիդս,לידז,לידס,ليدز,لیدز,لیڈز,ܠܝܕܣ,लीड्स,લીડ્ઝ,లీడ్స్,ಲೀಡ್ಸ್,ลีดส์,ლიდზი,リーズ,列斯,利兹,리즈",53.79648,-1.54785,0,Leeds Bradford International Airport,LBA,53.865833333333335,-1.6605555555555556,10.685210685787426
zagreb,764286.0,zagreb,"agram,andautonia,lungsod ng zagreb,sagrab,sagreb,sagwzlwgbouh,sakreb,ságrab,zag,zabrag,zabreg,zagabbria,zagabria,zagavria,zagrab,zagrabia,zagreb,zagreba,zagrebas,zagrebi,zagrebo,zagrebs,zagrep,zagrev,zagrzeb,zagrèb,zagréb,zagrėbs,zagàbria,zahreb,zankremp,zaqreb,zágráb,záhreb,záhřeb,cakirep,jagareba,jageulebeu,jagriba,jhagreba,sa ge lei bu,sa kerb,sagreb,zagaraba,zaghrb,zagrb,zagrebi,zagurebu,zajryb,zghrb,żagreb,ζάγκρεμπ,заграб,загреб,զագրեբ,זאגרב,זאגרעב,زاجريب,زاغرب,زاگرب,زاگرێب,زغرب,जग्रिब,झाग्रेब,জাগরেব,ਜ਼ਾਗਰਬ,சாகிரேப்,സാഗ്രെബ്,ซาเกร็บ,ཛག་རེབ།,ზაგრები,ዛግሬብ,ザグレブ,萨格勒布,薩格勒布,ꙁагрєбъ,자그레브",45.81444,15.97798,0,Franjo Tuđman Airport,ZAG,45.74277777777778,16.06861111111111,10.625291707937652
hannover,545045.0,hannover,"annobero,gannovehr,gannover,ganover,haj,hannauver,hannober,hannova,hannover,hannovera,hannovere,hannower,hannóver,hanobhar,hanofer,hanofér,hanover,hanoveri,hanoveris,hanovra,hanovre,hanovro,hanower,hanowery,hanóver,hanôver,honovere,hànobhar,ihanoveri,khannover,khanover,han no wexr,han nuo wei,hanobeo,hanofa,hanophara,hanoveri,hanwfr,hnwbr,αννόβερο,ганновер,ганновэр,гановер,ханновер,хановер,հաննովեր,האנאווער,הנובר,هانوفر,ھانۆفەر,ہینوور,हानोफर,হানোফার,ฮันโนเวอร์,ჰანოვერი,ハノーファー,汉诺威,漢諾威,하노버",52.37052,9.73322,0,Langenhagen Airport,HAJ,52.46083333333333,9.685,10.561463078158948
wroclaw,674312.0,wroclaw,"boroszlo,boroszló,brasloi,brassel,breslau,breslava,breslavia,breslavl',breslavl’,breslu,breslávia,breslū,bresslau,breßlau,vratislav,vratislavia,vratislavie,vroclau,vroclav,vroclava,vroclavas,vroclavo,vrocuav,vroklave,vroslav,vrotslav,vruoclavs,wro,wroclaw,wroclow,wrocław,wrocłow,wroklaw,wroslaw,wrosław,wrócław,beulocheuwapeu,frwtswaf,fu luo ci wa fu,viratscahp,vrotsavapha,vrotslavi,vurotsuwafu,w rxtswaf,wrwslaw,wrwtswaf,wrwzlb,βρότσλαβ,вроцлав,вроцлаў,ברעסלוי,ורוצלב,فروتسواف,وروتسواف,وروسلاو,ڤرۆتسواف,व्रोत्सवाफ,விராத்ஸ்சாஃப்,วรอตสวัฟ,ვროცლავი,ヴロツワフ,弗罗茨瓦夫,브로츠와프",51.1,17.03333,0,Copernicus Airport Wrocław,WRO,51.1025,16.885833333333334,10.302618243633436
dortmund,593317.0,dortmund,"dtm,dortmund,dortmundas,dortmunde,dortmundi,dortmundo,dueoerpm,düörpm,ntortmount,throtmenni,tremonia,d xr thmund,doleuteumunteu,dortamunda,dorutomunto,duo te meng de,dwrtmwnd,ντόρτμουντ,дортмунд,דורטמונד,دورتموند,دۆرتمۆند,ڈارٹمنڈ,डॉर्टमुंड,ดอร์ทมุนด์,დორტმუნდი,ドルトムント,多特蒙德,도르트문트",51.51494,7.466,0,Dortmund Airport,DTM,51.518055555555556,7.612222222222222,10.123833986501836
strasbourg,434558.0,strasbourg,"argentoratum,estrasborg,estrasbou,estrasburg,estrasburgo,estrasburgu,lungsod ng strasbourg,sxb,sjtraasburg,straasburch,straasbuurich,straatsburg,strasborg,strasborgh,strasbourg,strasbourgo,strasbur,strasbura,strasburas,strasburg,strasburgo,strasburgu,strasburk,strasburq,strasbwrg,strasbôrg,strasbūra,strasbūras,strassborg,strassbourg,strassburg,straszburg,strazbur,strazburg,strazburgu,straßborg,straßburg,strażburgu,stroatsburg,stroosburi,stroossbuerg,strossburg,strǣtburg,astrasbwrg,s thra sbur,satarasabaraga,seuteulaseubuleu,si te la si bao,stiraspurk,strasabarga,strasaborga,strasaburga,strasbwrg,strasbwrgh,strsbwrg,sutorasuburu,štrasburg,štrasburk,στρασβούργο,стразбур,страсбур,страсбург,ստրասբուրգ,שטראסבורג,שטרסבורג,استراسبورگ,ستراسبورغ,ستراسبورگ,شٹراسبرگ,स्ट्रासबर्ग,स्त्रासबुर्ग,ਸਟਰਾਸਬਰਗ,સ્ટ્રાસબોર્ગ,ஸ்திராஸ்பூர்க்,സ്ട്രാസ്ബർഗ്,สทราซบูร์,སི་ཐི་རཱ་སི་བུར།,სტრასბური,ስትራዝቡርግ,ストラスブール,斯特拉斯堡,스트라스부르",48.58392,7.74553,0,Strasbourg Airport,SXB,48.53805555555555,7.628055555555556,10.037259713618957
bradford,535987.0,bradford,"brf,bradanford,bradford,bradfordas,brantfornt,bredford,bredforda,brehdfard,brehdford,brədford,ba la fu te,beulaedeupeodeu,bradfwrd,brdpwrd,bredpordi,bu la de fu de,buraddofodo,μπράντφορντ,брадфорд,бредфорд,брэдфард,брэдфорд,բրեդֆորդ,בראדפארד,ברדפורד,برادفورد,بریڈفورڈ,ბრედფორდი,ብራድፎርድ,ブラッドフォード,巴拉福特,布拉德福德,브래드퍼드",53.79391,-1.75206,0,Leeds Bradford Airport,LBA,53.865833333333335,-1.6605555555555556,10.001025963330372
dublin,1325700.0,dublin,"baile atha cliath,baile átha cliath,ciuda de dublin,ciudá de dublín,dub,dablin,diblin,difelin,divlyn,doublino,dublin,dublin city,dublina,dublinas,dublini,dublino,dublinu,dublín,dublîn,dueblin,dulenn,dulyn,dyflinn,düblin,eblana,dabalina,dablin,dablina,daburin,dbln,dblyn,deobeullin,dou bai lin,dublini,dwblyn,taplin,δουβλίνο,даблин,дублин,дублін,дъблин,դուբլին,דבלין,דובלין,دبلن,دوبلين,دوبلین,دۇبلىن,ڈبلن,ډبلن,ܕܒܠܢ,डब्लिन,दब्लिन,ডাবলিন,ਡਬਲਿਨ,டப்லின்,ಡಬ್ಲಿನ್,ഡബ്ലിൻ,ดับลิน,དུབ་ལིན།,ဒပ်ဗလင်မြို့,დუბლინი,ደብሊን,ダブリン,都柏林,더블린",53.33306,-6.24889,0,Dublin Airport,DUB,53.42111111111111,-6.27,9.890464466462728
alicante,350598.0,alicante,"a-li-kham-thit,alc,akra leuke,alacant,alacante,alacanti,alakanto,alicant,alicante,alikante,alikanteh,alikantė,alíkante,lucentum,a li kan te,alalaqant,alikante,allikante,alykant,alykanth,arikante,xa li kan te,â-li-kham-thi̍t,αλικάντε,аликанте,аліканте,алікантэ,ալիկանտե,אליקנטה,آلیکانته,ألَلَقَنْت,الیکانت,الیکانتے,आलिकांते,आलिकान्ते,อาลีกันเต,ალიკანტე,アリカンテ,阿利坎特,알리칸테",38.34517,-0.48149,0,Alicante Airport,ALC,38.28194444444444,-0.5580555555555556,9.697924272152916
göteborg,715881.0,goeteborg,"g'oteborg,got,gautaborg,geteborg,geteborga,geteborgas,geuteborgo,geŭteborgo,gjoteborg,gjotehbarg,goeteborg,goeteborq,goteborg,goteburg,gotemburgo,gotenburg,gothembourg,gothenburg,gothoburgum,gotnburg,gottenborg,göteborg,göteborq,gøteborg,gēteborga,nketempornk,ge de bao,ghwtnbrgh,gtbwrg,jwtnbrj,kx then beirk,yeteboli,yohateborya,yotebori,ywtbry,γκέτεμποργκ,гетеборг,гьотеборг,гётеборг,гётэбарг,גטבורג,געטעבארג,جوتنبرج,غوتنبرغ,گووتھنبرگ,یوتبری,योहतेबोर्य,กอเทนเบิร์ก,გეტებორგი,ዬተቦርይ,ᐃᐅᑕᐳᕆ,ヨーテボリ,哥德堡,예테보리",57.70716,11.96679,0,Gothenburg City Airport,GSE,57.77472222222222,11.870277777777778,9.447161401467081
bari,316736.0,bari,"bri,bari,bario,baris,barium,bary,mpari,ba li,bali,bari,bary,μπάρι,μπαρι,бари,барі,בארי,باري,باری,बरि,बारी,বারি,ბარი,バーリ,巴里,바리",41.12066,16.86982,0,Palese Airport,BRI,41.138333333333335,16.760555555555555,9.360044095497173
dresden,563311.0,dresden,"drs,drazdany,drazgany,drehzdehn,dresda,dresde,dresden,dresdenas,dresdeno,dresdn,drezda,drezden,drezdene,drezno,drjezdzany,drježdźany,drážďany,drèsda,drézdén,drēzdene,de lei si dun,de rs dein,deuleseuden,doresuden,dresdena,drezdeni,drsdn,drysdn,drzdn,drێsdn,δρέσδη,дрезден,дрэздэн,դրեզդեն,דרזדן,דרעזדן,درسدن,دريسدن,دریسدن,درێسدن,ڈrysڈn,ڈریسڈن,ڊrysڊn,ڊريسڊن,ड्रेस्डेन,เดรสเดิน,დრეზდენი,ドレスデン,德累斯顿,드레스덴",51.05089,13.73832,0,Dresden Airport,DRS,51.1325,13.766944444444444,9.292205397808043
doncaster,309741.0,doncaster,"dsa,dankastehr,denocestria,doncaster,donkaster,donkasteris,donkastur,dongkeoseuteo,donkasuta,dwnkastr,dxng khas texr,tang ka shi da,tang ka si te,данкастэр,донкастер,донкастър,دونكاستر,دونکاستر,ดองคัสเตอร์,ドンカスター,唐卡士打,唐卡斯特,동커스터",53.52285,-1.13116,0,Robin Hood Airport Doncaster Sheffield,DSA,53.4805,-1.0107,9.254714246438665
berlin,3755251.0,berlin,"ber,beirlin,beirlín,belin,berleno,berlien,berliin,berliini,berlijn,berlim,berlin,berline,berlini,berlino,berlyn,berlynas,berlëno,berlín,berlîn,berlīne,berolino,berolinum,birlinu,bèrlîn,estat de berlin,estat de berlín,bai lin,barlina,beleullin,berlini,berurin,bexrlin,brlyn,perlin,βερολίνο,берлин,берлін,бэрлін,բերլին,בערלין,ברלין,برلين,برلین,بېرلىن,ܒܪܠܝܢ,बर्लिन,বার্লিন,பெர்லின்,เบอร์ลิน,ბერლინი,ベルリン,柏林,베를린",52.52437,13.41053,0,Berlin Tegel Airport,TXL,52.559444444444445,13.2875,9.188847032686954
adana,1197332.0,adana,"ada,adana,adane,adano,adanë,adhanah,antiocheia,edene,a da na,adana,adnt,xa da na,yadana,άδανα,αδανα,αντιόχεια,адана,ադանա,אדנה,آدانا,أضنة,ئادانا,अदना,আদানা,อาดานา,ადანა,アダナ,阿达纳,아다나",36.98615,35.32531,0,Şakirpaşa Airport,ADA,37.00194444444445,35.42583333333333,9.098702972020181
valencia,1439503.0,valencia,"balenzia,pa-lun-si-a,pâ-lùn-sî-â,vlc,valantsa,valence,valencia,valencia - valencia,valencia - valència,valencie,valencija,valencio,valenseje,valensi,valensia,valensii,valensij,valensija,valensiya,valensyaa,valensėjė,valenthia,valentia,valentzia,valenza,valència,valéncia,valência,vałénsia,walencja,walensiye,walénsiye,ba len seiy,ba lun xi ya,ballensia,barenshia,blnsyt,hua lun xi ya,valainsi'a,valenciya,valensia,valensiya,valynsya,wa lun xi ya,walnsya,wlnsyh,wylnsya,βαλένθια,валенси,валенсиа,валенсий,валенсия,валенсија,валенсія,վալենսիա,וואלענציע,ולנסיה,بلنسية,والنسیا,ویلنسیا,ویلنسیہ,ڤالينسيا,ڤالێنسیا,वालेन्सिया,ਵਾਲੈਂਸੀਆ,வாலேன்சியா,บาเลนเซีย,ვალენსია,バレンシア,巴倫西亞,瓦伦西亚,瓦倫西亞,華倫西亞,발렌시아",39.47391,-0.37966,0,Valencia Airport,VLC,39.48916666666667,-0.4813888888888889,8.89402371782255
hamburg,1892122.0,hamburg,"amborg,ambourgo,amburgo,amburgu,augusta gambriviorum,ciutat d'hamburg,estat d'hamburg,gamburg,ham,hh,hamboarch,hamboerg,hamboerj,hamborg,hambourg,hamburch,hamburg,hamburga,hamburgas,hamburgo,hamburgu,hamburgum,hamburk,hambuurich,hambörg,hambörj,hambùrk,hambûrg,hamepuka,hammaburg [a. 832],hampuri,hanburgo,khamburg,ham bur k,hambuleukeu,hamburgi,hambwrg,hambwrgh,han bao,han bao shi,hanburuku,hemburga,hmbwrg,hyambarg,hʼambwrg,ħamburg,αμβούργο,гамбург,гамбурґ,хамбург,համբուրգ,האַמבורג,המבורג,هامبورغ,هامبورگ,ہymbrg,ہیمبرگ,ܗܡܒܘܪܓ,हॅम्बुर्ग,ಹ್ಯಾಂಬರ್ಗ್,ฮัมบูร์ก,ჰამბურგი,ハンブルク,汉堡,汉堡市,漢堡,함부르크",53.55073,9.99302,0,Hamburg Airport,HAM,53.63027777777778,9.988055555555555,8.85137579561458
liège,408069.0,liege,"l'ezh,lgg,leck,leodic,leodicum,leodium,lidje,liege,liegi,liego,lieja,liex,liez,liezh,lieĝo,lige,lijezh,liège,lièja,ljez,ljeza,ljezas,ljež,lježas,ljēža,luettich,luik,luttich,lutych,luuk,léck,lüttich,lēodic,suguru,sùguru,lie ri,lieju,liezhi,lija,lyj,lyyj,lyyz,lyzh,rieju,λιέγη,лиеж,лијеж,льеж,льєж,լիեժ,לייז,ליעזש,لييج,لیج,لیژ,लीज,ลีแยฌ,လိဂျမြို့,ლიეჟი,リエージュ,列日,리에주",50.63373,5.56749,0,Liège Airport,LGG,50.63722222222222,5.4430555555555555,8.784399530682132
málaga,587068.0,malaga,"agp,malaca,malaga,malagae,malago,malaqa,màlaga,málaga,ma la jia,maalqat,malaga,malagha,malaja,malaka,malga,malka,mallaga,malqt,maraga,mlqt,μάλαγα,малагæ,малага,մալագա,מאלגה,מלאגה,مالاجا,مالاغا,مالاگا,مالقة,مالكا,مالگا,ملقة,مَاَلقَة,مەلەگا,मलागा,மாலாகா,มาลากา,მალაგა,マラガ,馬拉加,马拉加,말라가",36.72016,-4.42034,0,Málaga Airport,AGP,36.67361111111111,-4.498888888888889,8.708360395686228
københavn,559440.0,copenhagen,"cph,cobanhavan,copenaga,copenaghen,copenaguen,copenhaga,copenhagen,copenhague,copenhaguen,copenhaguen - kobenhavn,copenhaguen - københavn,cóbanhávan,hafnia,kapehngagen,kaupmannahoefn,kaupmannahöfn,keypmannahavn,kjobenhavn,kjopenhamn,kjøpenhamn,kobenhamman,kobenhaven,kobenhavn,kodan,kodaň,koebenhavn,koeoepenhamina,koepenhamn,kopenage,kopenchage,kopengagen,kopenhaagen,kopenhag,kopenhaga,kopenhage,kopenhagen,kopenhagena,kopenhago,kopenhāgena,kopenkhagen,koppenhaga,koppenhága,kòpenhaga,köbenhavn,köpenhamn,kööpenhamina,københavn,københámman,ge ben ha gen,khopenheken,kopanahagana,kopenahagena,kopenahegena,kopenhagen,kwbnhaghn,kwpnhgn,qwpnhgn,κοπεγχάγη,капэнгаген,копенгаген,копенхаген,կոպենհագեն,קופנהאגן,קופנהגן,كوبنهاغن,كوپېنھاگېن,ܟܘܦܢܗܓܢ,कोपनहागन,কোপেনহাগেন,কোপেনহেগেন,โคเปนเฮเกน,ཀའོ་པེན་ཧ་ཀེན,კოპენჰაგენი,ኮፐንሀገን,ኮፕንሀግ,コペンハーゲン,哥本哈根,코펜하겐",55.67594,12.56553,0,Copenhagen Airport,CPH,55.617777777777775,12.655833333333334,8.59839793821269
antalya,689665.0,antalya,"ayt,adalia,antal'ja,antalia,antalija,antaliya,antaliyah,antalja,antaljo,antalya,antayla,antália,atali,attalea,attaleia,attalia,olbia,satalia,an ta li ya,antalia,antallia,antalya,antaruya,yantalya,αττάλεια,анталия,анталија,анталья,анҭалиа,անթալիա,אנטליה,آنتالیا,أنطاليا,ئانتالیا,انطالیہ,अंताल्या,ანთალია,アンタルヤ,安塔利亚,安塔利亞,안탈리아",36.90812,30.69556,1,Antalya Airport,AYT,36.90138888888889,30.791666666666668,8.578071674673268
riga,609489.0,riga,"rix,reiga,riga,rigae,rige,rigg-a,rigo,riia,riigaa,riika,rija,riqa,ryga,ríga,ríge,rīga,li jia,liga,ri ka,riga,rika,ryga,rygh,rygha,ryja,ρίγα,ригæ,рига,рыга,ріґа,ռիգա,ריגה,ריגע,رىگا,ريجا,ريغا,ریگا,रिगा,रीगा,রিগা,ரீகா,รีกา,རི་ག,რიგა,ሪጋ,リガ,里加,리가",56.946,24.10589,0,Riga International Airport,RIX,56.9236,23.9711,8.5482512660425
nantes,496452.0,nantes,"nte,nant,nante,nantes,nanti,nanto,naoned,portus namnetus,nan te,nant,nanta,nanto,νάντη,нант,נאנט,نانت,नांत,ナント,南特",47.21725,-1.55336,0,Nantes Atlantique Airport,NTE,47.153055555555554,-1.6105555555555557,8.344770121531745
lille,962193.0,lille,"insula,lil,lil,lil',lila,lile,lilis,lill,lill',lilla,lille,lilo,rijsel,risel,rysel,li er,lil,lil.,lila,lili,lly,lyl,riru,λιλ,лил,лилль,лілль,ліль,լիլ,ליל,للی,ليل,لیل,लील,ਲੀਲ,லீல்,ลีล,ლილი,リール,里尔,里爾,릴",50.63297,3.05858,0,Lille Lesquin Airport,LIL,50.56166666666666,3.0894444444444447,8.222412287524518
bratislava,475577.0,bratislava,"an bhrataslaiv,an bhratasláiv,bts,baratislawa,bracislava,bratislav,bratislava,bratislava osh,bratislavae,bratislavo,bratislawa,bratisllava,bratisława,bratyslawa,bratysława,bratîslava,mpratislaba,posonium,pozsony,presbourg,presburg,presporok,prespurk,pressburg,preszburg,preßburg,prešporok,prešpurk,beulatiseullaba,bra ti sla wa,bratisalava,bratislabha,bratislava,bratislavha,bratslawa,bratsylava,bratyslafa,bratyslava,bratyslaw,bratyslawa,bu la di si la fa,burachisuravua,pirattislava,μπρατισλάβα,братислав,братиславæ,братислава,братислава ош,братіслава,братїслава,браціслава,բրատիսլավա,בראטיסלאווא,ברטיסלאבה,براتسلاوا,براتسیلاڤا,براتىسلاۋا,براتيسلافا,براتیسلاو,براتیسلاوا,براٹیسلاوا,ܒܪܛܝܣܠܐܒܐ,ब्रातिस्लाभा,ब्रातिस्लाव्हा,ব্রাতিস্লাভা,ਬ੍ਰਾਤਿਸਲਾਵਾ,பிராத்திஸ்லாவா,ಬ್ರಾಟಿಸ್ಲಾವಾ,ബ്രാട്ടിസ്‌ലാവ,บราติสลาวา,བ་ར་ཏིསི་ལ་བ།,ბრატისლავა,ብራቲስላቫ,ブラチスラヴァ,布拉迪斯拉发,布拉迪斯拉發,브라티슬라바",48.14816,17.10674,0,M. R. Štefánik Airport,BTS,48.169999999999995,17.2125,8.211963733503715
genova,561191.0,genoa,"cenova,dzenova,dženova,goa,genes,genoa,genova,genovo,genua,genuja,genès,genúa,gènova,génova,gênes,janov,xenova - genova,xénova - genova,zena,genua,jeno'a,jenoba,jenovua,jnwa,jnwt,re na ya,ĝenovo,ђенова,генуа,генуя,גנואה,جنوا,جنوة,जेनोआ,გენუა,ジェノヴァ,热那亚,제노바",44.40478,8.94439,0,Cristoforo Colombo Airport,GOA,44.411944444444444,8.841666666666667,8.198560738624382
sevilla,881124.0,sevilla,"hispalis,lungsod ng sevilla,svq,sebilla,sebille,sevidzheh,sevil'ja,sevila,sevileje,sevilha,sevilia,sevilija,sevilja,sevilla,seville,sevilo,sevilya,sevilėjė,seviya,seweliye,sewilla,sibilia,siviglia,sivilja,séville,séwéliye,ashbylyt,ceviya,isabili'a,sai wei li ya,sai wei ya,sbylyh,sebi ya,sebiria,sebirya,sebiya,sevilia,swya,sybyya,σεβίλλη,севиджэ,севилья,севиля,севилја,севиља,севілья,սևիլյա,סביליה,סעווילא,إشبيلية,اشبیلیہ,سویا,سيبييا,سێڤیلیا,सेबिया,ਇਸ਼ਬੀਲੀਆ,செவீயா,เซบียา,სევილია,セビリア,セビリャ,塞維亞,塞维利亚,세비야",37.38283,-5.97317,0,Seville Airport,SVQ,37.41777777777777,-5.893055555555555,8.073611943295562
brno,379466.0,brno,"brq,berno,brno,brno osh,bruenn,bruna,brunn,brünn,burno,mprno,beuleuno,bexr no,brano,brno,brnw,bryn,bu er nuo,buruno,μπρνο,брно,брно ош,бърно,բռնո,ברין,ברנו,برنو,ब्रनो,เบอร์โน,ბრნო,ブルノ,布爾諾,브르노",49.19522,16.60796,0,Brno-Tuřany Airport,BRQ,49.151111111111106,16.694166666666668,7.958027992507967
warszawa,1863056.0,warsaw,"barsobia,varsa,varsava,varsavia,varsavja,varshava,varshavae,varsja,varsjá,varso,varsova,varsovia,varsovia - warszawa,varsovie,varsovio,varssavi,varsuva,varsòvia,varsó,varsóvia,varşova,varšava,varšuva,varșovia,vársá,waw,warsaw,warsawa,warschau,warskou,warszaw,warszawa,waršawa,baleusyaba,hua sha,varshava,vorso,warsw,warushawa,wrsh,wrshw,wrsw,wxrsx,βαρσοβία,варшавæ,варшава,վարշավա,ווארשע,ורשה,װאַרשע,وارسو,ورشو,ۋارشاۋا,ܘܪܣܘ,वॉर्सो,วอร์ซอ,ვარშავა,ዋርሶው,ワルシャワ,华沙,華沙,바르샤바",52.22977,21.01178,0,Frédéric Chopin Airport,WAW,52.16555555555556,20.966944444444444,7.766729428583326
stockholm,1613975.0,stockholm,"estocolm,estocolme,estocolmo,estocolmu,estocòlme,estokolma,estokolmo,holmia,sto,stakgol'm,stjokolna,stoccholm,stoccolma,stockholbma,stockholm,stockolm,stocolm,stocolma,stocòlma,stocólma,stokcholme,stokgol'm,stokgol'm osh,stokgolm,stokhol'm,stokholm,stokholma,stokholmas,stokholmi,stokholmo,stokkholm,stokkholmur,stokkhólmur,stokkolma,stokol'ma,stokolm,stuculma,stuokhuolms,stócólm,sztokholm,sztokhòlm,tukholma,astkhlm,satakahoma,seutogholleum,si de ge er mo,stak'hom,stakahoma,stokahoma,stwkhwlm,stwqhwlm,stxkholm,sutokkuhorumu,štokholm,στοκχόλμη,стакгольм,стокhольм,стокгольм,стокгольм ош,стокольма,стокхолм,стокҳолм,стёколна,ստոկհոլմ,סטוקהולם,שטאקהאלם,استکهلم,ستوكهولم,ستۆکھۆڵم,سٹاکہوم,ܣܛܘܩܗܘܠܡ,स्टकहोम,स्टॉकहोम,स्तकहोम,স্টকহোম,ਸਟਾਕਹੋਮ,ஸ்டாக்ஹோம்,స్టాక్‌హోమ్,ಸ್ಟಾಕ್‍ಹೋಮ್,സ്റ്റോക്ക്‌ഹോം,สตอกโฮล์ม,སི་ཏོག་ཧོ་ལིམ།,စတော့ဟုမ်းမြို့,სტოკჰოლმი,ስቶኮልም,ᔅᑑᒃᓱᓪᒻ/stuukhulm,ストックホルム,斯德哥尔摩,斯德哥爾摩,스톡홀름,𐍃𐍄𐌿𐌺𐌺𐌰𐌷𐌿𐌻𐌼𐍃",59.32938,18.06871,1,Stockholm-Bromma Airport,BMA,59.35416666666667,17.941388888888888,7.727351543301312
varna,332686.0,varna,"barna,odessos,odessus,stalin,var,varna,varna khot,varnae,várna,warna,baleuna,farna,varna,vharna,vuaruna,wa er na,war na,warna,wʼrnh,βάρνα,варнæ,варна,варна хот,վառնա,וארנה,فارنا,وارنا,व्हर्ना,วาร์นา,ვარნა,ヴァルナ,瓦爾納,바르나",43.21667,27.91667,0,Varna Airport,VAR,43.231944444444444,27.825,7.619304062914278
düsseldorf,629047.0,duesseldorf,"dus,diseldorf,diseldorfa,disseldorf,diuseldorfas,djuseldorf,djussel'dorf,duesseldoerp,duesseldorf,duessldorf,duseldorfo,dusseldoerp,dusseldorf,dusseldorpium,dusseldörp,dyuseldorf,dyzeldorfi,dzjusel'dorf,düsseldorf,düsseldörp,düssldorf,ntiselntorph,ntysselntorf,daseladorfa,deyusserudorufu,diao su duo er fu,diuseldorpi,du sai er duo fu,dus se ld xrf,dwiseldoleupeu,dwsldwrf,dysldwrp,dyuseladorpha,tiyucaltorhpu,ντίσελντορφ,ντύσσελντορφ,дзюсельдорф,диселдорф,дюселдорф,дюссельдорф,дүсселдорф,դյուսելդորֆ,דיסלדורף,دوسلدورف,دوسلدۆرف,ڈسلڈورف,डसेलडॉर्फ़,ड्युसेलडॉर्फ,தியூசல்டோர்ஃபு,ഡൂസൽഡോർഫ്,ดึสเซลดอร์ฟ,ဒပ်ဆဲလ်ဒေါ့ဖ်မြို့,დიუსელდორფი,ዲውስልዶርፍ,デュッセルドルフ,杜塞尔多夫,調素多爾夫,뒤셀도르프",51.22172,6.77616,0,Düsseldorf Airport,DUS,51.28944444444444,6.766666666666667,7.5595381095896474
lodz,664860.0,lodz,"lcj,litzmannstadt,lo-tsu,lodz,lodz',lodz' osh,lodza,lodze,lodzia,lodzo,lodzė,lodž,log,loj,lotz,luc,ludz,luz,lò-tsṳ,lodzi,luo ci,luo zi,lwdz,uchi,utchi,vutsa,wuch,wwch,wwdj,łódź,łůdź,λοτζ,лодз,лодзь,лодзь ош,лођ,лоѓ,луӟ,լոձ,לאדזש,לודז,لودز,وودج,ووچ,वूत्श,วูช,ლოძი,ウッチ,罗兹,羅茲,우치",51.77058,19.47395,0,Łódź Władysław Reymont Airport,LCJ,51.7219,19.3981,7.521240163022697
palma de mallorca,430640.0,palma,"ciutat de mallorca,madina mayurqa,pmi,pal'ma,palma,palma mallorcakoa,palma de maiorca,palma de majorque,palma de malhorca,palma de malhòrca,palma de mallorca,palma di maiorca,mywrqt,pa er ma,palmademayoleuka,plmh dh mywrqh,пальма,פלמה דה מיורקה,ميورقة,パルマ・デ・マリョルカ,帕爾馬,팔마데마요르카",39.56939,2.65024,0,Palma de Mallorca Airport,PMI,39.55,2.7333333333333334,7.44248865910114
poznan,545073.0,poznan,"poz,po-tsu-nam,posen,posnania,possen,poznan,poznan',poznan' osh,poznana,poznane,poznanj,poznano,poznany,poznanė,poznań,poznańy,poznaņa,poznaň,poznon,poßen,pòznóń,pô-tsṳ-nàm,pоznan,bo zi nan,bwznan,phx snan,pocunan,pojeunan,pojhnana,pozunan,pwyzn,pwznan,pwznn,πόζναν,познан,познань,познань ош,познањ,պոզնան,פוזנן,פויזן,بوزنان,پوزنان,پۆزنان,पोझ्नान,போசுனான்,พอซนาน,ཕྰོ་ཟོ་ནན།,პოზნანი,ポズナン,波茲南,포즈난",52.40692,16.92993,0,Poznań Ławica Airport,POZ,52.42111111111111,16.82638888888889,7.197624332734475
lisboa,1935831.0,lisbon,"felicitas julia,felicitas julia olissipo,lis,liospoin,liospóin,lisabon,lisabona,lisboa,lisbon,lisbona,lisbonne,lisbono,lisbonum,lisimba,lisimbã,lissabon,lisszabon,lizboa,lizbon,lizbona,olisipo,olissipo,li si ben,lisabana,lisaboni,lisbana,lisbxn,liseubon,lshbwnt,lysabwn,lysbwn,risubon,λισαβώνα,лисабон,лиссабон,лісабон,լիսբոնա,ליסבון,لشبونة,لىسابون,لیسبون,ܠܫܒܘܢܐ,लिस्बन,লিসবন,ลิสบอน,ལ་ས་བན།,ལི་སི་བཱོན།,ლისაბონი,ሊዝቦን,リスボン,里斯本,리스본",38.71667,-9.13333,0,Humberto Delgado Airport,LIS,38.78111111111111,-9.135833333333332,7.168812409496857
milano,3580530.0,milan,"lungsod ng milano,mil,mailand,mediolan,mediolanum,mila,milaan,milan,milana,milanas,milano,milanu,milao,milà,milán,miláno,milánó,milão,milāna,mílanó,mилан,mi lan,milan,milana,milani,millano,mirano,mylan,mylanw,милан,милано,мілан,מילאנו,مىلان,ميلانو,মিলান,மிலன்,มิลาน,მილანი,ミラノ,米蘭,밀라노",45.46427,9.18951,0,Linate Airport,LIN,45.445277777777775,9.276944444444446,7.139388561866882
toulouse,762751.0,toulouse,"lapangan terbang blagnac,tls,tolosa,tolosa okzitania,tolosa de francia,tolosa de llenguadoc,toloxa,toloza,toulouse,toulouz,toulouzi,tołoxa,tuluz,tuluza,tuluzae,tuluzo,tulūza,tólóza,touruzu,tu lu zi,tu lus,tullujeu,tulujha,tulus,tuluza,twlwz,τουλούζη,тулузæ,тулуза,тулузо,թուլուզ,טולוז,تولوز,तुलूज़,तुलूझ,ਟੁਲੂਜ਼,துலூஸ்,ടൂളൂസ്,ตูลูซ,ཊོའུ་ལོའུ་སེ།,ტულუზა,ቱሉዝ,トゥールーズ,圖盧茲,圖魯茲,툴루즈",43.60426,1.44367,0,Blagnac Airport,TLS,43.62888888888889,1.363611111111111,7.002625425427464
cluj-napoca,324960.0,cluj-napoca,"clj,castrum clus,claudiopolis,clausemburgo,clausenburg,cloizanburg,cloizânburg,cluj,cluj-napoca,clus,clusenburg,clūsenburg,kalosvar,kaloşvar,klausenburg,kloiznburg,klouz-napoka,klujo,kluz,kluz napok,kluz-napoka,kluza,kluza-napoka,kluzas,kluzas-napoka,kluzh,kluzh-napoka,kluzh-napoka khot,kluĵo,kluż,kluż-napoka,kluž,kluž napok,kluž-napoka,kluža,kluža-napoka,klužas,klužas-napoka,kolosvaru,koloszvar,koloszvár,kolozsvar,kolozsvár,municipium aelium hadrianum napoca,napoca,ke lu ri-na bo ka,keullujinapoka,khluch-na po ka,kluja-napoka,klwj nabwka,klwj napwka,klwzh napwka,klwzh-napwka,klwzh-npwka,kuruju=napoka,qlwyznbwrg,qlwz-nʼpwqh,κλουζ-ναπόκα,клуж-напока,клуж-напока хот,կլուժ-նապոկա,קלוז'-נאפוקה,קלוז-נאפוקה,קלויזנבורג,كلوج نابوكا,کلوج ناپوکا,کلوژ ناپوکا,کلوژ-ناپوکا,کلوژ-نپوکا,क्लुज-नापोका,คลูช-นาโปกา,კლუჟ-ნაპოკა,クルジュ＝ナポカ,克卢日-纳波卡,클루지나포카",46.76667,23.6,0,Cluj-Napoca International Airport,CLJ,46.785,23.68611111111111,6.86701528141134
sofia,1221172.0,sofia,"sof,safija,serdica,sofi,sofia,sofiae,sofie,sofii,sofij,sofija,sofija osh,sofijo,sofio,sofiya,sofiä,sofiýa,sofja,sofya,sofía,soifia,sophia,sredets,suofeje,suofėjė,szofia,szófia,sòfia,sófia,sófía,sóifia,ulpia serdica,cohviya,saphiya,seaphiya,sofeiy,sofi'a,sofia,sophiya,sopia,suo fei ya,swfya,swfyh,swpyh,σόφια,сафія,софи,софий,софия,софия ош,софија,софія,софїꙗ,սոֆիա,סאפיע,סופיה,سوفىيە,سۆفیا,صوفيا,صوفیه,صوفیہ,صوٙفیە,सोफिया,সফিয়া,ਸੋਫ਼ੀਆ,சோஃவியா,സോഫിയ,โซเฟีย,སོ་ཧྥི་ཡ།,სოფია,ሶፊያ,ソフィア,索菲亞,소피아,𐍃𐍉𐍆𐌹𐌰",42.69751,23.32415,0,Sofia Airport,SOF,42.69499999999999,23.40611111111111,6.703977486936349
granada,408869.0,granada,"grx,girnata,grana,granada,granada - grenada,granado,granata,graná,grenada,grenade,grenado,grenayd,gırnata,lungsod ng granada,qranada,ge la na da,ge lin na da,geulanada,ghrnatt,granada,grndh,guranada,gurenada,jranada,jrynada,kiranata,kran a da,γρανάδα,гранада,гренада,גרנדה,جرانادا,جرينادا,غرناطة,غرناطہ,ګرېنادا,گرانادا,گرېنادا,ग्रानादा,গ্রানাডা,கிரனாதா,กรานาดา,გრანადა,ግራናዳ,グラナダ,グレナダ,格拉纳达,格林纳达,그라나다",37.18817,-3.60667,0,Granada Airport,GRX,37.13305555555556,-3.6355555555555554,6.641541728464988
nice,469432.0,nice,"nce,nica,nicaea,nicc,nicca,niccae,nice,nicea,nico,nikaia,nis,nisa,nissa,nissa maritima,nissa marìtima,nitza,niza,nizza,niça,nìsa,ni si,nis,nisa,niseu,nisu,nitsa,nys,νίκαια,ница,ниццæ,ницца,ніца,ніцца,նիս,ניס,نيس,نیس,नीस,নিস,ਨੀਸ,நீஸ்,నీస్,นิส,ნიცა,ニース,尼斯,니스",43.70313,7.26608,0,Côte d'Azur Airport,NCE,43.660555555555554,7.2175,6.137785789827591
vilnius,586836.0,vilnius,"ivilnyusi,vno,vil'njus,vil'no,vil'nyus,viln',vilna,vilnia,vilnias,vilniaus miestas,vilnious,vilnis,vilnius,vilnjus,vilnjûs,vilno,vilnues,vilnus,vilnyus,vilníus,vilnüs,viļņa,vílnius,wilna,wilnius,wilno,wilnus,wilñus,bhilani'usa,bilnyuseu,fylnyws,vhilniyasa,vilniusi,vilniyas,vuirinyusu,vylnyws,wei er niu si,wi lni xus,wlnys,wylnh,wylnyws,βίλνα,βίλνιους,βιλνιους,вилниус,вилнус,вилнюс,вилн҄ь,вильнюс,вилњус,виљнус,вільнюс,վիլնյուս,ווילנע,וילנה,فيلنيوس,ولنیس,ویلنیوس,ڤیلنیوس,व्हिल्नियस,ভিলনিউস,வில்னியஸ்,วิลนีอุส,ལྦེ་ནི་སུ་ནི།,ვილნიუსი,ቪልኒውስ,ᕕᓪᓂᐅᔅ/vilnius,ヴィリニュス,维尔纽斯,빌뉴스",54.68916,25.2798,0,Vilnius International Airport,VNO,54.6341,25.2858,6.134542009534943
bologna,389200.0,bologna,"blq,baljon'ja,bologna,bologne,bolon'ja,bolona,bolonha,bolonia,bolonija,bolonja,bolonjo,bolonya,boloņa,boloňa,bononia,bulaggna,bulogna,bulåggna,bo luo ni ya,bollonya,boronya,bwlwnya,bwlwnyh,балёнья,болонья,болоня,болоња,בולוניה,بولونيا,ボローニャ,博洛尼亚,볼로냐",44.49381,11.33875,0,Bologna Airport,BLQ,44.534166666666664,11.290277777777778,5.908383673775489
antwerpen,541122.0,antwerpen,"anr,amberes,amberis,amversa,anberes,antuairp,antuerpen,antuerpia,antuérpia,antverpen,antverpenas,antverpene,antverpeno,antverpens,antverpia,antverpy,antwarp,antwerp,antwerpa,antwerpe,antwerpen,antwerpia,antwerpium,antwerpn,antwyrpijo,antwérp,anvers,anversa,anverse,anvèrs,anvérse,kota antwerpen,on-thit-vi-phu,amtavarpa,an te wei pu,anteubeleupen,antouerupen,antowapu,antverp,antwrb,antwrp,antwyrb,ôn-thi̍t-ví-phú,αμβέρσα,антверпен,անտվերպեն,אנטווערפן,אנטוורפן,آنتورپ,أنتويرب,انتورب,انتويرب,انٹیورپ,अँटवर्प,ஆண்ட்வெர்ப்,ആന്റ്‌വെർപ്,แอนต์เวิร์ป,အန့်တွပ်မြို့,ანტვერპენი,アントウェルペン,アントワープ,安特卫普,安特衞普,안트베르펜",51.22047,4.40026,0,Antwerp International Airport,ANR,51.19,4.462777777777778,5.518075023761271
tallinn,453864.0,tallinn,"castrum danorum,kallinn,kolyvan,lindanaes,lindanäs,raeaeveli,reval,revel,revel',rääveli,tll,taillinn,talin,talinas,talini,talino,talins,tallidn,tallin,tallin osh,tallina,tallinn,tallinna,tallinna linn,talín,tàllin,ta lin,talin,talina,tallin,tallina,tallyn,talyn,tarin,thallin n,ταλίν,ταλιν,ταλλίν,талин,таллин,таллин ош,таллинн,таллінн,талін,տալլին,טאלין,تاللىن,تالين,تالین,تاڵین,ٹالن,तालिन,ताल्लिन,তাল্লিন,ਤਾਲਿਨ,தாலின்,ടാലിൻ,ทาลลินน์,ཏཱལ་་ལིན།,ტალინი,ታሊን,タリン,塔林,탈린",59.43696,24.75353,0,Lennart Meri Tallinn Airport,TLL,59.41305555555555,24.83277777777778,5.211198041526327
nürnberg,523026.0,nuernberg,"nue,neurenberch,neurenberg,niamberg,nirnberg,nirnberga,niurnbergas,njurnberg,norimberg,norimberga,norimberk,norimbèrga,norymberga,nuernbarg,nuernberg,nuernberq,nuremberg,nuremberga,nurembergo,nuremburg,nurembèrg,nurenberg,nurenbergo,nurenburg,nurnberg,nyremberg,nyremberge,nyremvergi,nyrëmberg,nyurnberg,nyurnbérg,núremberg,nürnbarg,nürnberg,nürnberq,n'yurnabarga,niu lun bao,niurnbergi,niyuramperk,nurem beirk,nwileunbeleukeu,nwrnbrg,nwrnbyrgh,nyrnbrg,nyurunberuku,nywrmbrg,νυρεμβέργη,νυρεμβεργη,нирнберг,нюрнберг,нӳрнберг,נירנבערג,נירנברג,نورنبرگ,نورنبيرغ,نۆریمبێرگ,نیورمبرگ,न्युर्नबर्ग,நியூரம்பெர்க்,นูเรมเบิร์ก,เนือร์นแบร์ก,ნიურნბერგი,ニュルンベルク,纽伦堡,뉘른베르크",49.45421,11.07752,0,Albrecht Dürer Airport,NUE,49.49861111111111,11.078055555555554,4.937329917925117
genève,419185.0,geneve,"cenevre,gva,genava,genebe,genebra,geneue,geneva,geneve,genevi,genevo,genevra,genewa,genf,genève,ginebra,ginevra,jenewa,jenwe,xenebra,zeneva,zhehneva,zheneva,znev,jeneba,jineva,jnyf,jnywa,junevu,ri nei wa,zheneva,znbh,ĝenevo,ženeva,ženēva,γενέβη,γενευη,γενεύη,женева,жэнева,ժնև,זנבה,جنيف,جنیوا,जिनेवा,ჟენევა,ジュネーヴ,日内瓦,제네바",46.20222,6.14569,0,Geneva International Airport,GVA,46.238055555555555,6.108888888888888,4.888172096210773
firenze,362742.0,florence,"flr,fflorens,firenca,firence,firense,firenz,firenze,firenzi,flarehncyja,florans,floransa,florenc,florenca,florence,florenceje,florenci,florencia,florencie,florencij,florencija,florencja,florenco,florencėjė,florens,florensa,florensiya,florensya,florenta,florentia,florentzia,florenz,florença,florența,florâns,florència,floréncia,florénsa,flórans,flórens,lungsod ng florencia,sciorenza,fei leng cui,firentsue,florensa,flwrans,flwrns,flwrnsa,flxrens,fu luo lun sa,peullolenseu,phlorens,phlorensa,pilenche,plorentsia,pyrnzh,φλωρεντία,фиренца,фларэнцыя,флоренц,флоренци,флоренций,флоренция,флоренція,ֆլորենցիա,פירנצה,פירענצע,فلورانس,فلورنس,فلورنسا,फ़्लोरेन्स,फ्लोरेन्स,ফ্লোরেন্স,ఫ్లోరెన్స్,ഫ്ലോറൻസ്,ฟลอเรนซ์,ཧྥུ་ལོ་རོན་ཟིའུ་ཡ།,ფლორენცია,フィレンツェ,佛罗伦萨,翡冷翠,플로렌스,피렌체",43.77925,11.24626,0,Peretola Airport,FLR,43.80972222222222,11.205,4.737945250954959
rotterdam,1249955.0,rotterdam,"rtm,ratehrdam,roterdam,roterdama,roterdamas,roterdami,roterdamo,roterdan,roterdao,roterdão,roterntam,roterodamum,rotterdam,rottérdam,róterdam,róterdan,loteleudam,lu te dan,rattartem,rotaradema,rotterudamu,rtrdam,rwtrdam,rwtrdm,rxt the xr dam,ρότερνταμ,ратэрдам,ротердам,роттердам,ראטערדאם,רוטרדם,راٹرڈیم,رتردام,روتردام,ܪܘܛܪܕܐܡ,रॉटरडॅम,ராட்டர்டேம்,รอตเทอร์ดาม,ရော်တာဒမ်မြို့,როტერდამი,ロッテルダム,鹿特丹,로테르담",51.9225,4.47917,0,Rotterdam The Hague Airport,RTM,51.95722222222223,4.441666666666667,4.63855317941721
palermo,632499.0,palermo,"pmo,palerm,palerma,palermas,palerme,palermo,palermu,panormus,pałermo,ba lei mo shi,balarm,balrmw,balyrmw,blrm,blrmt,palermo,palleleumo,palrmw,palyrmw,parerumo,plrmw,палерма,палермо,פלרמו,بالرمو,باليرمو,بلرم,بلرمة,بَلَرْم,پالرمو,پاليرمو,پالیرمو,پلرمو,पलेर्मो,パレルモ,巴勒莫市,팔레르모",38.1166,13.3636,0,Palermo Airport,PMO,38.11083333333333,13.313333333333334,4.444170025644925
bilbao,790197.0,bilbao,"bio,bil'baa,bil'bao,bilbao,bilbau,bilbaum,bilbaw,bilbo,bilbo / bilbao,bilmpao,el bocho,bi er ba e,bil ba xo,bilba'o,bilbao,birubao,blbaw,bylbaw,bylbayw,μπιλμπάο,билбао,бильбао,більбаа,більбао,բիլբաո,בילבאו,بلباو,بیلبائو,بیلباو,बिल्बाओ,บิลบาโอ,ბილბაო,ビルバオ,毕尔巴鄂,빌바오",43.26271,-2.92528,0,Bilbao Airport,BIO,43.30083333333333,-2.9105555555555553,4.403503152969474
kayseri,572170.0,kayseri,"asr,caesarea,caesarea in cappadocia,casarea,cearee,cesarea,cesarea de capadocia,cesarea in cappadocia,cesaree,céarée,césarée,eusebeia,kaisareia,kaisaria,kaisarie,kaisarije,kaiseri,kaiseris,kaizarie,kajseri,kajsery,kayseri,kaīzarie,khuajseri,mazaca,mazakʻ,qaisariye,qayseri,kai sai li,kaiseli,kaiseri,ki se ri,qysry,qysryh,qysryt,qyysry,καισάρεια,кaйсери,кайсери,кайсеры,кайсері,кајсери,хъайсери,մաժաք,קייסרי,قيصرية,قیصری,قیصریه,قەیسەری,کیسری شہر,ไกเซรี,კაისერი,カイセリ,開塞利,카이세리",38.73222,35.48528,0,Erkilet Airport,ASR,38.77027777777778,35.49527777777778,4.319729367057868
naples,2809357.0,naples,"nap,napels,naples,naplés,napoles,napoli,napolo,napols,napoly,nappoli,napul,napule,napuli,napulj,napólí,neapal',neapel,neapelj,neapol,neapol',neapole,neapolis,noapels,nàpoli,nàpols,nàpuli,nàpułi,nápoles,nápoli,nápols,nápoly,parthenope,na bu lei si,nabwly,napl,napoli,napolli,napori,napwly,nepalasa,nepalsa,nepeils,nyplz,νάπολη,напуљ,неапаль,неапол,неаполь,նեապոլ,נאפאלי,נאפולי,نابولي,ناپل,ناپولی,نیپلز,नापोलि,नापोली,नेपल्स,নেপলস,நாபொலி,เนเปิลส์,ნეაპოლი,ナポリ,那不勒斯,나폴리",40.85216,14.26811,0,Capodichino Airport,NAP,40.88583333333333,14.290555555555555,4.1930854560707935
belfast,341049.0,belfast,"bfs,beal feirste,beeal feirshtey,belfast,belfast city,belfasta,belfastas,belfasto,belfastum,belffast,belfāsta,belpas,beul-feirste,bèlfast,béal feirste,bélfast,mpelphast,baelpaseuteu,bei er fa si te,belaphasta,belfast,belpaseuteu,berufasuto,blfast,pelpast,μπέλφαστ,белфаст,բելֆաստ,בלפאסט,בעלפאסט,بلفاست,بیلفاسٹ,बेलफास्ट,বেলফাস্ট,பெல்பாஸ்ட்,ಬೆಲ್‌ಫಾಸ್ಟ್‌,เบลฟัสต์,ဗဲလဖတ်မြို့,ბელფასტი,ベルファスト,貝爾法斯特,贝尔法斯特,밸파스트,벨파스트",54.59682,-5.92541,1,George Best Belfast City Airport,BHD,54.61805555555556,-5.8725000000000005,4.145667981520009
adana,1197332.0,adana,"ada,adana,adane,adano,adanë,adhanah,antiocheia,edene,a da na,adana,adnt,xa da na,yadana,άδανα,αδανα,αντιόχεια,адана,ադանա,אדנה,آدانا,أضنة,ئادانا,अदना,আদানা,อาดานา,ადანა,アダナ,阿达纳,아다나",36.98615,35.32531,0,Şakirpaşa Airport,ADA,36.981944444444444,35.280277777777776,4.027133535224236
bremen,569396.0,bremen,"bre,brehmehn,brehmen,brema,breme,bremen,bremen hiria,bremenas,bremene,bremeni,bremeno,bremy,brèma,bréma,brémy,brémén,brême,brēmene,brėmenas,byen bremen,ber mein,beulemen,bremena,bremeni,brmn,brymn,bu lai mei,buremen,mdynt brymn,βρέμη,бремен,брэмен,брэмэн,բրեմեն,ברמן,برمن,بريمن,مدينة بريمن,ब्रेमेन,เบรเมิน,ဘရီမန်မြို့,ბრემენი,ブレーメン,不来梅,브레멘,𐌱𐍂𐌴𐌼𐌴𐌽",53.07582,8.80717,0,Bremen Airport,BRE,53.0475,8.786666666666667,3.4341844004800675
diyarbakir,609465.0,diyarbakir,"amed,amida,diy,diarbekir,diarbekr,diari-bekir,diari-békir,dijarbakir,dijarbakira,dijarbakiro,dijarbakyr,dijarbakyras,dijarbakˌyr,dijarbekir,dikranakerd,diyarbakir,diyarbakır,diyarbekir,diyarbekır,diyarbəkir,diyaribakir,diyaribekir,diyarıbakır,diyarıbekir,dyjarbakyr,ntigiarmpakir,di ya ba ke er,diarbakiri,diyaleubakileu,diyarubakuru,dyar bkr,dyarbkr,ντιγιαρμπακίρ,диарбекир,диярбакыр,диярбақыр,дијарбакир,дијарбекир,дыярбакыр,діярбакир,դիարբեքիր,דיארבקיר,ئامەد,ديار بكر,دیار بکر,دیاربکر,დიარბაქირი,ディヤルバクル,迪亚巴克尔,디야르바키르",37.91363,40.21721,0,Diyarbakır Airport,DIY,37.89361111111111,40.20055555555556,2.6627521361921485
iasi,378954.0,iasi,"copou,copou-targ,copou-târg,galata,ias,iasi,iasio,iassium,iaşi,iași,ilasi,jasai,jash,jashi,jasi,jassenmarkt,jassi,jassy,jasy,jaszvasar,jaßenmarkt,jászvásár,munteni,pacurari,pacuret,podgoria,păcurari,păcureţ,socol,socola,yas,yashi,yasi,yassi,yassy,yaş,ayashy,iasi,ya xi,yach,yasa,yash,yashi,ιάσιο,јаши,ясси,яссы,ясы,яш,յասի,יאס,יאשי,ایاشی,ياش,یاش,याश,ยาช,ヤシ,雅西,이아시",47.16667,27.6,0,Iași International Airport,IAS,47.178888888888885,27.62,2.0326083371115975
